"Table 2.8.5. Personal Consumption Expenditures by Major Type of Product, Monthly"
"Table 2.8.5. Personal Consumption Expenditures by Major Type of Product, Monthly"
"Last Revised on: June 25, 2026 - Next Release Date July 30, 2026"
Line,,1987,1987,1987,1987,1987,1987,1987,1987,1987,1987,1987,1987,1988,1988,1988,1988,1988,1988,1988,1988,1988,1988,1988,1988,1989,1989,1989,1989,1989,1989,1989,1989,1989,1989,1989,1989,1990,1990,1990,1990,1990,1990,1990,1990,1990,1990,1990,1990,1991,1991,1991,1991,1991,1991,1991,1991,1991,1991,1991,1991,1992,1992,1992,1992,1992,1992,1992,1992,1992,1992,1992,1992,1993,1993,1993,1993,1993,1993,1993,1993,1993,1993,1993,1993,1994,1994,1994,1994,1994,1994,1994,1994,1994,1994,1994,1994,1995,1995,1995,1995,1995,1995,1995,1995,1995,1995,1995,1995,1996,1996,1996,1996,1996,1996,1996,1996,1996,1996,1996,1996,1997,1997,1997,1997,1997,1997,1997,1997,1997,1997,1997,1997,1998,1998,1998,1998,1998,1998,1998,1998,1998,1998,1998,1998,1999,1999,1999,1999,1999,1999,1999,1999,1999,1999,1999,1999,2000,2000,2000,2000,2000,2000,2000,2000,2000,2000,2000,2000,2001,2001,2001,2001,2001,2001,2001,2001,2001,2001,2001,2001,2002,2002,2002,2002,2002,2002,2002,2002,2002,2002,2002,2002,2003,2003,2003,2003,2003,2003,2003,2003,2003,2003,2003,2003,2004,2004,2004,2004,2004,2004,2004,2004,2004,2004,2004,2004,2005,2005,2005,2005,2005,2005,2005,2005,2005,2005,2005,2005,2006,2006,2006,2006,2006,2006,2006,2006,2006,2006,2006,2006,2007,2007,2007,2007,2007,2007,2007,2007,2007,2007,2007,2007,2008,2008,2008,2008,2008,2008,2008,2008,2008,2008,2008,2008,2009,2009,2009,2009,2009,2009,2009,2009,2009,2009,2009,2009,2010,2010,2010,2010,2010,2010,2010,2010,2010,2010,2010,2010,2011,2011,2011,2011,2011,2011,2011,2011,2011,2011,2011,2011,2012,2012,2012,2012,2012,2012,2012,2012,2012,2012,2012,2012,2013,2013,2013,2013,2013,2013,2013,2013,2013,2013,2013,2013,2014,2014,2014,2014,2014,2014,2014,2014,2014,2014,2014,2014,2015,2015,2015,2015,2015,2015,2015,2015,2015,2015,2015,2015,2016,2016,2016,2016,2016,2016,2016,2016,2016,2016,2016,2016,2017,2017,2017,2017,2017,2017,2017,2017,2017,2017,2017,2017,2018,2018,2018,2018,2018,2018,2018,2018,2018,2018,2018,2018,2019,2019,2019,2019,2019,2019,2019,2019,2019,2019,2019,2019
Line,,JAN,FEB,MAR,APR,MAY,JUN,JUL,AUG,SEP,OCT,NOV,DEC,JAN,FEB,MAR,APR,MAY,JUN,JUL,AUG,SEP,OCT,NOV,DEC,JAN,FEB,MAR,APR,MAY,JUN,JUL,AUG,SEP,OCT,NOV,DEC,JAN,FEB,MAR,APR,MAY,JUN,JUL,AUG,SEP,OCT,NOV,DEC,JAN,FEB,MAR,APR,MAY,JUN,JUL,AUG,SEP,OCT,NOV,DEC,JAN,FEB,MAR,APR,MAY,JUN,JUL,AUG,SEP,OCT,NOV,DEC,JAN,FEB,MAR,APR,MAY,JUN,JUL,AUG,SEP,OCT,NOV,DEC,JAN,FEB,MAR,APR,MAY,JUN,JUL,AUG,SEP,OCT,NOV,DEC,JAN,FEB,MAR,APR,MAY,JUN,JUL,AUG,SEP,OCT,NOV,DEC,JAN,FEB,MAR,APR,MAY,JUN,JUL,AUG,SEP,OCT,NOV,DEC,JAN,FEB,MAR,APR,MAY,JUN,JUL,AUG,SEP,OCT,NOV,DEC,JAN,FEB,MAR,APR,MAY,JUN,JUL,AUG,SEP,OCT,NOV,DEC,JAN,FEB,MAR,APR,MAY,JUN,JUL,AUG,SEP,OCT,NOV,DEC,JAN,FEB,MAR,APR,MAY,JUN,JUL,AUG,SEP,OCT,NOV,DEC,JAN,FEB,MAR,APR,MAY,JUN,JUL,AUG,SEP,OCT,NOV,DEC,JAN,FEB,MAR,APR,MAY,JUN,JUL,AUG,SEP,OCT,NOV,DEC,JAN,FEB,MAR,APR,MAY,JUN,JUL,AUG,SEP,OCT,NOV,DEC,JAN,FEB,MAR,APR,MAY,JUN,JUL,AUG,SEP,OCT,NOV,DEC,JAN,FEB,MAR,APR,MAY,JUN,JUL,AUG,SEP,OCT,NOV,DEC,JAN,FEB,MAR,APR,MAY,JUN,JUL,AUG,SEP,OCT,NOV,DEC,JAN,FEB,MAR,APR,MAY,JUN,JUL,AUG,SEP,OCT,NOV,DEC,JAN,FEB,MAR,APR,MAY,JUN,JUL,AUG,SEP,OCT,NOV,DEC,JAN,FEB,MAR,APR,MAY,JUN,JUL,AUG,SEP,OCT,NOV,DEC,JAN,FEB,MAR,APR,MAY,JUN,JUL,AUG,SEP,OCT,NOV,DEC,JAN,FEB,MAR,APR,MAY,JUN,JUL,AUG,SEP,OCT,NOV,DEC,JAN,FEB,MAR,APR,MAY,JUN,JUL,AUG,SEP,OCT,NOV,DEC,JAN,FEB,MAR,APR,MAY,JUN,JUL,AUG,SEP,OCT,NOV,DEC,JAN,FEB,MAR,APR,MAY,JUN,JUL,AUG,SEP,OCT,NOV,DEC,JAN,FEB,MAR,APR,MAY,JUN,JUL,AUG,SEP,OCT,NOV,DEC,JAN,FEB,MAR,APR,MAY,JUN,JUL,AUG,SEP,OCT,NOV,DEC,JAN,FEB,MAR,APR,MAY,JUN,JUL,AUG,SEP,OCT,NOV,DEC,JAN,FEB,MAR,APR,MAY,JUN,JUL,AUG,SEP,OCT,NOV,DEC,JAN,FEB,MAR,APR,MAY,JUN,JUL,AUG,SEP,OCT,NOV,DEC
1,"        Personal consumption expenditures (PCE)",2935.5,3001.7,3013.3,3038.8,3048.4,3072.8,3094.7,3130.8,3126.5,3134.5,3144.2,3174.1,3213.7,3221.4,3260.5,3263.0,3293.6,3318.5,3342.7,3368.0,3375.0,3413.7,3430.2,3459.7,3483.7,3488.0,3498.8,3543.0,3551.8,3566.6,3585.7,3620.6,3621.9,3633.6,3643.3,3684.2,3730.7,3728.2,3754.9,3770.0,3775.8,3804.5,3821.7,3848.3,3870.1,3870.6,3871.9,3861.3,3841.0,3866.7,3913.0,3907.1,3933.2,3940.5,3966.0,3969.1,3984.7,3976.0,4003.6,4020.5,4084.7,4099.5,4117.0,4131.5,4158.4,4177.1,4204.8,4220.9,4255.3,4284.7,4300.5,4336.4,4340.7,4355.3,4352.5,4393.4,4422.4,4440.0,4468.9,4481.1,4511.5,4532.8,4554.1,4571.1,4585.1,4632.6,4646.0,4671.1,4669.5,4708.9,4720.6,4762.6,4775.0,4812.9,4825.6,4841.6,4851.2,4850.8,4885.4,4890.2,4933.1,4977.5,4970.2,5005.3,5020.5,5013.9,5055.6,5097.5,5085.7,5132.8,5173.3,5208.0,5223.8,5229.8,5251.9,5275.0,5296.6,5328.5,5351.2,5378.6,5411.1,5434.0,5454.2,5459.3,5460.2,5494.2,5548.8,5587.0,5601.7,5637.7,5661.1,5692.1,5689.9,5723.8,5750.3,5788.1,5837.9,5871.7,5890.0,5925.0,5965.6,5998.8,6015.4,6070.5,6073.9,6099.2,6133.0,6199.5,6232.1,6260.3,6287.6,6331.9,6386.5,6411.4,6448.7,6541.0,6542.9,6625.3,6686.5,6679.1,6709.7,6746.9,6768.5,6802.8,6888.6,6893.8,6909.8,6952.2,6987.4,7001.8,6996.7,7004.2,7052.8,7069.7,7082.3,7121.7,7007.0,7212.9,7182.3,7166.7,7184.6,7225.2,7243.4,7312.5,7288.9,7322.5,7387.3,7412.6,7391.5,7435.2,7463.8,7519.9,7541.3,7548.6,7611.5,7634.5,7650.3,7699.6,7757.0,7852.1,7853.7,7867.4,7922.6,7950.4,8007.1,8040.4,8098.8,8107.2,8176.5,8157.6,8236.9,8271.6,8341.5,8397.1,8444.5,8504.4,8497.7,8559.1,8598.4,8678.4,8671.6,8753.4,8853.8,8850.1,8900.4,8938.5,8946.2,8981.1,9071.6,9096.0,9132.9,9191.6,9231.8,9259.6,9343.8,9342.2,9375.4,9393.6,9400.2,9488.3,9538.7,9566.0,9611.7,9643.6,9685.8,9706.8,9751.1,9798.9,9845.1,9882.7,9955.9,9972.8,9996.4,9981.7,10035.3,10070.3,10132.3,10187.1,10185.1,10175.7,10116.4,10034.1,9885.2,9801.5,9847.2,9824.5,9773.2,9772.5,9791.6,9852.4,9886.3,10004.1,9927.8,9976.7,9985.7,10052.6,10056.1,10093.4,10156.0,10182.3,10210.8,10231.3,10268.1,10307.1,10327.1,10386.4,10433.6,10471.0,10514.3,10540.6,10619.7,10652.1,10672.2,10694.8,10731.6,10750.3,10783.2,10802.9,10806.8,10817.8,10896.8,10987.2,10993.9,11018.5,11006.8,10989.8,11016.8,11056.0,11105.3,11137.4,11178.4,11181.2,11252.4,11290.5,11290.1,11281.1,11321.6,11344.4,11372.6,11406.6,11445.9,11498.0,11562.5,11593.2,11578.8,11636.9,11722.3,11762.3,11807.3,11861.7,11904.4,11983.7,11991.4,12064.7,12083.9,12096.1,12066.7,12116.6,12176.1,12209.1,12275.4,12307.9,12364.9,12396.2,12386.4,12394.9,12423.2,12452.0,12478.0,12554.5,12537.0,12611.5,12652.7,12731.2,12756.7,12788.1,12846.6,12867.0,12893.0,13005.9,13063.7,13088.4,13139.9,13169.2,13171.9,13225.2,13263.3,13294.6,13417.3,13447.5,13540.6,13666.1,13703.3,13738.7,13793.2,13838.4,13905.0,13930.4,13974.8,14014.0,14017.8,14083.1,14162.9,14051.6,14084.6,14117.4,14248.6,14290.0,14353.3,14408.7,14496.0,14558.2,14590.6,14617.4,14711.0,14774.8
2,Goods,1182.6,1232.8,1232.3,1246.6,1246.4,1261.2,1269.7,1291.4,1282.5,1267.2,1273.6,1289.4,1302.5,1301.3,1322.7,1316.9,1329.0,1334.3,1337.0,1341.8,1344.7,1361.7,1369.8,1385.9,1398.8,1381.8,1386.4,1421.0,1417.8,1424.5,1430.0,1453.7,1442.1,1436.9,1438.7,1454.1,1501.7,1481.7,1485.3,1482.2,1472.7,1482.9,1487.4,1493.5,1509.1,1502.5,1506.2,1490.5,1465.7,1477.8,1514.0,1491.7,1500.3,1499.1,1510.5,1506.1,1509.5,1492.6,1500.0,1501.9,1535.6,1539.9,1526.1,1533.3,1550.4,1561.0,1563.5,1573.2,1582.8,1596.6,1585.6,1611.4,1616.6,1605.6,1598.7,1625.4,1643.6,1633.4,1650.5,1641.9,1655.1,1669.0,1681.4,1686.8,1689.6,1711.1,1716.4,1733.1,1712.8,1734.5,1741.4,1767.0,1768.3,1790.7,1794.2,1799.5,1796.5,1774.0,1793.8,1781.5,1803.3,1826.9,1813.9,1823.9,1840.9,1819.6,1842.1,1870.0,1846.0,1872.5,1894.5,1917.0,1918.1,1912.5,1917.2,1927.9,1932.6,1952.0,1958.7,1963.0,1975.4,1985.1,1999.3,1976.0,1963.2,1983.6,2006.8,2030.3,2023.2,2028.6,2053.5,2052.9,2042.5,2045.9,2044.8,2071.7,2096.0,2099.8,2103.5,2118.1,2138.0,2164.3,2171.9,2204.9,2188.3,2208.9,2217.4,2255.6,2276.1,2287.5,2287.1,2311.2,2335.5,2330.2,2339.0,2407.9,2372.3,2416.1,2450.9,2428.8,2439.0,2443.3,2445.1,2455.2,2507.1,2493.2,2485.9,2501.2,2498.5,2513.8,2485.4,2490.4,2519.0,2520.9,2517.0,2532.7,2496.0,2627.1,2577.6,2528.7,2549.3,2567.6,2568.7,2608.8,2565.2,2586.7,2619.1,2635.9,2600.2,2604.8,2623.5,2655.6,2649.7,2643.4,2679.0,2680.1,2658.7,2694.9,2721.7,2792.4,2784.7,2766.2,2799.6,2801.0,2823.4,2830.0,2876.3,2850.9,2901.5,2854.5,2892.0,2904.1,2937.9,2966.6,2980.6,3006.4,2982.5,3010.4,3012.9,3065.2,3029.7,3077.3,3149.5,3123.9,3140.1,3151.4,3119.7,3132.3,3209.7,3191.4,3189.4,3223.1,3223.3,3231.9,3285.5,3269.0,3265.8,3251.4,3236.4,3298.9,3299.7,3296.0,3328.7,3332.2,3368.0,3355.2,3375.5,3366.9,3397.6,3406.0,3442.7,3435.9,3421.0,3386.8,3411.3,3415.3,3444.4,3471.0,3456.2,3451.2,3376.3,3289.5,3155.4,3080.3,3133.3,3136.4,3090.4,3098.4,3130.6,3174.5,3195.8,3286.9,3202.7,3222.4,3237.1,3251.8,3247.6,3251.8,3299.1,3303.0,3282.9,3287.8,3293.7,3315.9,3335.8,3377.1,3400.9,3418.5,3450.4,3457.2,3499.5,3521.3,3506.3,3515.8,3516.2,3519.1,3548.0,3561.3,3562.6,3559.8,3600.4,3647.2,3638.5,3638.0,3620.0,3591.1,3595.0,3636.9,3663.5,3665.6,3679.3,3677.3,3736.5,3755.9,3717.7,3696.2,3716.2,3719.1,3742.9,3741.1,3751.9,3760.6,3783.2,3784.9,3766.9,3819.7,3844.4,3873.7,3879.8,3904.0,3914.3,3934.1,3917.3,3936.0,3934.8,3913.9,3867.2,3888.3,3934.9,3933.3,3968.9,3974.5,4001.2,4003.4,3976.2,3954.7,3981.5,3977.4,3959.9,3984.1,3970.6,3999.2,4012.5,4059.8,4041.9,4045.6,4064.8,4077.0,4058.4,4122.7,4136.4,4148.0,4150.2,4169.4,4144.6,4175.0,4175.7,4192.3,4280.2,4272.9,4323.9,4378.1,4385.1,4397.6,4381.1,4387.5,4438.1,4404.1,4418.9,4426.1,4422.3,4441.9,4495.8,4371.9,4399.3,4409.2,4481.7,4498.8,4536.8,4548.4,4574.3,4581.4,4572.9,4565.8,4603.4,4621.8
3,"    Durable goods",399.7,427.0,428.8,437.6,434.0,445.7,452.4,468.9,460.3,443.1,447.4,459.4,470.3,468.7,472.4,467.8,474.7,477.3,472.4,470.1,468.7,477.9,481.8,498.9,496.2,481.3,481.9,500.4,487.6,492.0,497.4,518.7,500.8,493.9,490.1,491.6,536.4,505.9,503.8,505.7,495.3,494.3,496.3,489.3,495.1,486.1,482.7,474.0,452.7,467.0,495.4,474.4,473.5,477.8,485.4,479.8,487.9,474.1,477.3,480.9,495.6,501.3,491.7,490.0,501.9,511.0,507.2,511.9,517.1,522.7,514.1,532.4,538.1,524.2,521.2,543.0,552.0,548.6,558.6,551.5,559.8,568.9,574.2,578.3,579.6,593.3,593.6,607.0,588.9,600.3,602.1,612.0,613.8,629.6,635.1,630.7,623.6,613.0,627.2,613.2,624.8,642.8,631.0,645.3,651.3,638.1,650.6,668.0,645.8,663.2,670.4,679.5,680.1,669.4,672.9,681.7,683.6,688.8,692.2,687.8,703.3,702.0,711.5,697.5,690.2,702.1,715.7,732.6,720.0,724.7,740.8,746.1,733.0,739.4,740.7,758.1,778.3,771.3,769.4,784.9,800.9,819.4,817.9,838.2,808.4,824.1,827.4,841.3,855.4,867.7,865.2,871.9,876.4,868.0,871.2,889.8,908.6,930.7,923.3,900.6,907.0,898.2,897.3,906.4,931.3,920.6,913.4,913.5,916.5,938.9,925.1,908.3,916.0,934.1,925.0,942.5,904.1,1035.1,997.0,955.6,970.7,983.2,974.9,1001.5,962.7,968.0,1001.6,1019.7,983.9,969.9,978.5,1009.9,982.6,956.4,984.6,1003.9,1005.7,1013.9,1024.9,1059.3,1041.1,1036.2,1053.5,1051.5,1048.1,1065.2,1079.4,1062.8,1091.5,1043.6,1076.9,1079.0,1099.3,1098.6,1099.9,1122.6,1096.4,1113.2,1120.2,1142.8,1116.4,1154.6,1202.2,1139.5,1113.8,1099.6,1116.4,1128.2,1167.9,1143.5,1151.0,1151.0,1147.2,1149.5,1168.7,1146.0,1166.9,1168.3,1164.4,1175.5,1183.5,1175.1,1178.5,1181.2,1197.7,1178.2,1180.7,1192.4,1202.6,1209.0,1197.7,1180.0,1168.4,1148.4,1143.7,1139.1,1143.7,1130.4,1100.0,1114.3,1073.2,1026.6,1002.4,995.0,1023.0,1006.2,984.2,978.8,998.9,1006.4,1020.8,1089.1,995.4,1003.6,1017.4,1021.6,1006.1,1005.2,1052.0,1046.0,1041.7,1044.1,1047.5,1053.7,1056.1,1079.2,1077.5,1078.7,1085.0,1083.8,1095.0,1090.9,1081.2,1076.6,1085.7,1085.2,1101.3,1114.4,1107.9,1114.9,1130.4,1145.9,1138.0,1137.4,1133.4,1129.9,1134.7,1138.4,1151.9,1141.2,1169.4,1180.1,1193.1,1194.2,1181.9,1184.1,1189.3,1189.5,1193.6,1190.8,1191.4,1194.6,1205.3,1193.7,1177.5,1208.9,1236.3,1234.7,1243.5,1254.5,1253.8,1264.0,1266.0,1269.8,1279.0,1279.2,1280.2,1283.8,1309.2,1315.9,1319.6,1317.8,1324.7,1330.9,1325.1,1317.5,1332.1,1332.8,1329.7,1353.1,1333.2,1339.2,1340.2,1358.2,1365.6,1363.4,1369.9,1375.5,1357.7,1392.1,1384.9,1390.3,1380.1,1390.8,1388.8,1403.5,1412.6,1403.5,1437.3,1447.1,1467.0,1485.0,1478.2,1490.7,1481.1,1478.4,1498.8,1487.2,1492.6,1497.0,1485.2,1483.9,1519.6,1473.3,1469.9,1472.8,1505.1,1496.6,1525.5,1531.5,1538.1,1541.0,1553.5,1531.8,1557.4,1560.4
4,"        Motor vehicles and parts",155.2,174.2,179.1,185.1,181.2,192.6,195.1,212.2,205.5,187.2,190.0,200.7,209.0,206.0,202.7,198.5,203.8,204.6,198.7,198.1,193.7,198.1,201.8,211.5,211.1,202.9,204.4,216.9,201.9,204.2,211.7,228.9,209.9,205.3,196.8,199.4,240.2,207.8,207.3,211.2,202.8,204.7,204.2,200.1,204.5,196.0,192.8,190.0,167.1,176.4,201.6,180.7,178.1,185.6,192.1,187.3,195.6,182.8,188.2,193.5,197.7,202.5,195.0,192.4,204.2,210.3,203.4,206.3,210.0,213.3,205.3,217.2,216.5,208.9,207.2,222.6,224.2,224.1,228.9,222.6,226.5,236.1,238.3,240.8,245.7,251.1,244.5,256.9,236.9,243.2,244.5,249.7,248.9,256.9,262.6,257.1,248.6,245.4,256.4,242.4,248.2,264.3,249.2,261.2,262.3,252.3,262.0,276.2,260.5,272.9,273.8,279.0,275.6,265.6,269.5,275.5,276.3,278.2,280.9,273.8,293.6,286.2,293.2,280.6,276.7,281.2,291.4,307.9,291.3,296.3,307.4,311.2,292.7,294.7,295.4,306.6,324.5,314.0,306.2,320.4,335.4,348.5,344.7,359.5,330.2,334.8,335.9,349.6,357.1,365.4,360.2,362.6,360.3,347.0,350.0,355.8,373.3,389.3,375.2,352.5,357.5,350.6,348.7,356.0,371.7,364.8,358.9,360.2,358.3,384.8,374.3,353.3,362.9,380.8,365.6,381.0,360.3,475.8,425.1,377.3,390.1,400.5,394.6,415.7,377.9,385.3,421.6,436.4,400.8,385.2,390.0,418.2,395.1,378.9,392.9,406.8,401.4,399.4,402.6,426.2,407.2,396.9,406.6,404.2,400.6,406.5,410.3,397.8,423.8,375.7,400.1,405.3,423.3,418.4,419.7,430.2,404.8,408.1,414.7,425.1,407.3,433.9,485.0,415.4,390.0,363.0,380.3,391.9,401.7,383.3,391.7,392.8,390.9,393.4,412.0,387.4,396.3,400.5,393.6,395.7,400.7,402.2,397.5,401.1,409.3,392.0,388.9,398.5,410.4,415.4,399.8,391.1,385.8,376.8,371.5,363.9,361.9,355.7,327.0,352.4,338.1,302.6,289.2,295.2,309.4,298.0,298.8,291.7,309.6,317.0,333.7,397.6,301.9,315.2,323.1,326.8,310.8,307.0,347.6,339.2,339.9,341.2,345.8,350.6,350.1,368.8,364.1,368.5,369.1,365.1,370.0,361.5,356.4,348.4,355.4,351.7,370.8,376.7,375.0,382.0,387.6,397.4,387.6,396.9,388.7,387.5,388.2,392.2,403.7,399.7,416.6,413.2,422.1,423.4,415.8,421.0,423.7,421.8,425.2,420.0,420.5,420.0,428.7,423.3,414.2,428.6,452.0,443.4,450.4,458.5,455.4,459.7,458.6,460.2,468.3,469.7,467.5,475.8,493.0,497.5,497.7,495.7,498.2,500.7,494.2,485.3,498.4,484.7,488.6,503.1,484.2,493.8,490.1,499.6,510.6,508.2,514.9,521.4,506.9,534.1,521.4,521.2,507.9,509.7,514.4,523.7,529.7,516.8,543.8,552.8,552.0,559.5,542.7,545.6,545.5,537.4,555.5,547.5,554.2,555.9,549.8,544.7,561.0,560.2,523.7,527.3,552.9,538.3,548.9,545.4,545.2,545.5,554.5,535.5,559.4,562.7
5,"        Furnishings and durable household equipment",106.2,109.3,108.2,108.8,109.0,108.9,110.5,110.7,110.8,110.6,110.8,110.8,111.5,111.5,113.9,114.0,114.3,115.2,115.4,114.4,115.9,117.3,118.4,119.9,122.6,119.0,118.7,121.0,121.1,121.7,121.3,122.2,121.9,121.6,123.4,122.1,124.7,124.7,124.3,121.9,121.5,120.3,120.1,119.4,120.0,119.0,118.2,117.3,116.7,118.5,120.0,120.4,120.6,118.7,119.4,119.0,118.4,118.3,117.7,117.8,121.7,122.5,121.8,122.1,122.7,124.1,124.3,125.3,125.7,126.4,126.6,128.2,129.9,128.4,126.7,129.9,131.4,131.2,132.8,132.0,133.0,133.2,133.9,134.2,131.8,135.6,138.3,138.2,138.9,140.7,140.8,143.0,143.7,145.0,144.8,145.6,145.8,143.4,143.4,143.7,145.3,146.1,147.8,147.5,149.0,148.3,150.5,150.2,145.6,149.4,151.4,153.5,154.1,154.0,154.0,153.6,155.6,156.5,157.2,157.6,155.8,158.9,158.8,158.3,158.5,159.8,161.2,161.6,162.4,162.6,163.8,164.2,167.2,168.4,168.9,170.6,171.2,173.0,174.4,174.7,175.7,177.7,180.0,181.3,181.8,185.1,186.9,185.9,188.1,190.4,190.2,193.5,197.0,197.1,197.7,200.5,201.5,204.0,207.0,207.1,208.7,207.3,208.7,210.0,211.7,212.2,211.2,207.9,214.9,212.2,210.9,212.9,213.0,213.8,215.4,216.6,211.4,215.8,219.9,222.7,223.8,225.0,225.5,226.8,227.0,225.7,224.8,225.1,224.6,226.2,228.1,227.7,226.8,220.5,228.2,229.0,233.2,235.5,237.7,239.9,241.0,241.9,244.5,243.8,245.3,246.9,253.5,251.4,251.3,253.4,257.3,255.6,255.8,258.5,259.0,263.7,263.5,265.2,264.8,269.9,267.3,272.0,270.2,272.6,274.8,278.6,278.6,277.9,286.7,285.2,285.6,283.5,280.7,282.2,282.5,283.8,284.0,283.5,281.7,283.6,287.2,284.3,286.1,284.1,285.2,282.6,284.0,283.7,281.8,280.9,282.3,279.2,278.5,272.6,271.9,272.8,272.3,270.6,268.4,263.5,255.2,252.7,248.5,245.2,245.6,243.9,237.9,238.0,238.9,237.7,236.9,236.8,236.5,235.7,235.6,235.9,237.1,238.5,243.2,244.3,242.2,240.4,239.7,240.4,240.3,240.2,242.5,242.3,241.4,242.9,246.9,246.8,245.4,246.7,246.9,247.2,248.3,248.7,249.9,251.2,254.3,255.5,255.7,251.8,253.3,251.6,253.1,252.6,253.3,250.9,255.8,259.5,260.2,260.2,260.8,260.8,261.6,263.6,264.6,265.3,266.0,265.5,267.1,263.9,261.0,266.6,269.6,273.8,274.4,276.4,276.2,280.6,279.8,280.7,283.1,283.3,284.5,281.5,288.1,289.8,293.0,290.9,294.7,295.3,297.0,296.4,298.0,303.0,302.3,304.3,304.5,303.1,304.1,308.7,306.9,306.5,308.0,307.9,307.5,308.7,313.2,313.5,314.2,314.9,313.6,315.7,316.5,318.3,321.6,323.2,330.6,334.9,335.4,337.1,335.4,335.9,337.5,336.2,336.6,334.8,334.8,336.4,339.7,331.5,337.3,335.1,337.6,340.5,345.4,347.6,351.0,350.9,353.1,353.0,353.6,355.5
6,"        Recreational goods and vehicles",88.2,91.1,90.0,91.7,91.8,91.6,94.1,93.5,91.4,91.8,92.7,93.7,94.5,95.8,98.5,98.3,99.6,100.0,100.2,100.1,100.2,103.0,101.9,106.4,102.1,100.1,100.1,102.3,103.6,105.1,103.2,106.1,106.4,105.1,106.6,106.3,107.0,106.9,106.2,107.1,105.9,104.3,105.6,104.2,105.8,105.7,106.0,102.0,104.2,106.6,107.7,107.2,108.3,108.6,108.9,108.7,109.9,109.0,107.4,106.1,110.1,110.0,108.3,109.1,108.3,109.3,111.3,111.1,111.6,113.1,112.4,117.3,120.4,117.0,118.2,120.3,125.5,120.9,123.3,124.0,127.0,126.4,128.8,129.8,128.1,131.4,135.8,136.5,138.2,140.6,140.3,142.0,143.8,148.9,149.4,149.1,150.3,147.0,149.3,148.6,151.7,153.4,154.4,156.7,159.4,157.5,156.6,159.7,159.1,159.2,160.7,163.1,165.3,165.6,164.7,167.7,166.6,168.1,168.7,170.4,168.6,170.7,172.4,172.4,171.1,173.7,175.3,176.0,177.6,177.2,179.8,180.7,182.2,184.7,184.8,187.1,189.3,189.6,193.9,194.3,195.8,198.1,197.0,199.6,198.4,205.0,204.7,206.3,209.3,210.0,211.5,213.4,215.7,217.7,216.6,222.5,227.0,227.6,231.7,230.4,229.3,229.6,229.4,230.7,235.6,232.8,232.9,233.5,233.7,230.7,229.9,233.7,232.8,233.2,236.9,236.5,228.6,236.2,243.0,244.0,245.1,246.3,242.6,245.7,244.4,243.8,242.9,244.1,245.0,243.9,246.1,247.4,246.4,243.1,248.4,250.5,252.4,256.7,260.5,267.5,267.7,271.1,274.2,275.1,272.6,279.9,282.9,281.8,285.0,283.7,287.9,286.7,287.8,288.8,287.8,293.3,292.4,300.8,303.2,308.2,303.5,308.5,308.0,309.8,307.7,312.5,312.0,310.4,329.4,322.8,322.3,324.3,322.8,321.6,322.2,321.8,330.7,329.6,332.0,336.4,336.7,329.0,333.5,333.8,339.1,337.6,341.3,343.7,341.7,344.9,346.2,342.8,337.3,334.9,333.8,336.8,343.0,337.9,337.3,332.4,320.5,312.7,308.1,301.9,311.3,306.8,294.8,293.4,293.1,294.2,293.6,295.8,297.3,293.5,298.2,298.0,296.5,297.4,297.9,299.1,296.9,300.0,297.1,297.5,300.2,300.8,300.5,299.4,302.7,303.5,303.9,305.0,304.1,305.5,306.5,307.3,303.3,311.1,306.4,304.8,308.4,310.4,314.3,309.4,310.3,310.1,311.6,312.2,311.4,310.2,314.6,318.9,324.7,324.6,320.8,318.3,320.9,321.7,321.3,324.1,322.4,323.2,325.2,320.6,318.5,328.4,328.7,329.3,331.2,331.8,333.4,333.3,338.1,337.6,335.9,335.5,336.5,333.8,336.2,336.2,336.0,336.8,337.0,340.6,342.9,344.3,343.1,350.8,347.8,351.5,352.5,351.1,353.7,358.1,358.1,357.1,356.5,356.6,353.6,357.7,360.0,366.4,368.0,375.9,371.9,374.0,374.5,375.8,378.9,378.3,388.4,396.1,404.6,409.1,403.4,406.0,405.4,404.0,403.5,408.4,405.3,405.6,418.1,389.2,411.7,412.4,415.2,417.1,428.9,435.9,436.2,437.9,439.7,438.7,439.0,437.2
7,"        Other durable goods",50.1,52.3,51.5,52.0,52.0,52.6,52.7,52.5,52.6,53.5,53.8,54.3,55.3,55.4,57.3,56.9,56.9,57.4,58.0,57.5,58.9,59.3,59.7,61.1,60.4,59.3,58.8,60.3,61.0,61.0,61.2,61.5,62.6,62.0,63.4,63.8,64.5,66.6,66.1,65.5,65.1,65.1,66.4,65.5,64.8,65.4,65.8,64.8,64.7,65.5,66.2,66.2,66.5,64.9,64.9,64.7,64.0,64.1,64.1,63.5,66.1,66.3,66.6,66.4,66.8,67.3,68.2,69.2,69.8,69.9,69.7,69.6,71.3,69.8,69.1,70.2,70.9,72.4,73.7,73.0,73.4,73.2,73.3,73.6,74.1,75.1,75.0,75.4,74.9,75.8,76.5,77.3,77.5,78.8,78.5,78.9,79.0,77.2,78.2,78.4,79.6,79.0,79.6,79.9,80.6,79.9,81.5,81.9,80.6,81.7,84.5,83.8,85.1,84.2,84.6,84.9,85.2,86.0,85.5,86.0,85.2,86.2,87.0,86.2,83.9,87.3,87.8,87.2,88.7,88.6,89.8,90.0,91.0,91.7,91.7,93.8,93.3,94.7,94.9,95.5,93.9,95.2,96.2,97.9,98.0,99.2,99.9,99.5,100.9,101.9,103.3,102.4,103.4,106.3,106.9,111.0,106.9,109.8,109.5,110.6,111.5,110.7,110.5,109.8,112.2,110.8,110.5,111.9,109.5,111.2,110.0,108.4,107.3,106.4,107.2,108.5,103.9,107.3,109.0,111.6,111.7,111.4,112.2,113.4,113.4,113.2,112.3,114.1,113.5,114.6,114.4,116.5,114.3,113.9,115.2,117.5,118.7,122.2,124.2,125.7,125.2,126.4,128.2,128.4,129.7,131.8,132.7,131.8,131.5,130.8,131.5,131.4,132.4,132.9,133.4,135.5,135.8,139.2,137.6,139.6,138.4,140.2,139.0,141.7,141.3,145.6,145.5,148.0,150.0,152.2,151.3,150.4,152.7,152.3,151.9,153.0,155.9,154.7,157.1,159.9,158.8,159.7,161.4,162.2,164.1,166.0,166.4,166.5,168.7,167.8,169.5,166.9,166.8,164.1,166.4,165.5,166.5,166.1,167.2,166.0,159.4,158.7,156.7,152.7,156.7,157.4,152.7,155.7,157.3,157.6,156.6,158.8,159.7,159.1,160.5,160.8,161.7,162.3,163.3,163.4,162.6,162.5,164.9,165.2,165.5,169.3,170.4,168.5,171.7,172.3,174.3,177.5,175.3,176.0,176.9,179.0,179.0,177.8,176.6,176.9,180.1,182.6,180.4,179.2,181.2,180.7,181.7,181.5,183.5,180.4,182.4,188.5,186.1,185.9,184.5,184.1,183.2,182.3,182.5,181.4,182.5,186.0,184.2,185.9,183.8,185.3,185.9,188.2,187.4,187.8,188.8,190.5,189.5,191.3,191.6,190.7,191.7,192.6,191.8,192.5,192.8,194.4,194.8,194.3,191.0,191.5,192.6,194.3,191.0,194.2,192.0,191.2,192.3,191.9,190.1,191.6,190.5,189.6,189.7,191.5,190.3,189.2,189.9,190.3,188.9,190.1,191.9,192.5,192.9,192.7,196.0,194.6,195.4,198.9,196.8,199.1,200.4,199.4,198.4,197.9,195.4,197.3,200.8,192.3,197.1,197.9,199.4,200.8,202.2,202.5,205.7,206.7,206.3,204.7,205.4,205.0
8,"    Nondurable goods",782.9,805.8,803.5,809.0,812.4,815.4,817.3,822.5,822.2,824.2,826.2,830.0,832.2,832.7,850.3,849.2,854.4,857.1,864.7,871.6,876.0,883.9,888.0,887.1,902.6,900.5,904.5,920.6,930.2,932.5,932.6,935.0,941.2,943.0,948.6,962.4,965.3,975.7,981.5,976.5,977.4,988.6,991.1,1004.2,1014.1,1016.3,1023.5,1016.5,1013.0,1010.9,1018.6,1017.2,1026.7,1021.3,1025.2,1026.4,1021.6,1018.4,1022.6,1021.0,1040.0,1038.6,1034.4,1043.3,1048.4,1049.9,1056.2,1061.3,1065.6,1073.9,1071.5,1079.0,1078.5,1081.4,1077.5,1082.4,1091.7,1084.9,1091.9,1090.4,1095.3,1100.2,1107.2,1108.5,1109.9,1117.8,1122.8,1126.1,1124.0,1134.2,1139.3,1155.0,1154.5,1161.1,1159.1,1168.8,1173.0,1161.0,1166.6,1168.4,1178.5,1184.1,1182.9,1178.6,1189.5,1181.5,1191.5,1201.9,1200.1,1209.3,1224.1,1237.5,1238.0,1243.1,1244.3,1246.2,1249.0,1263.2,1266.5,1275.2,1272.1,1283.1,1287.8,1278.6,1273.0,1281.6,1291.1,1297.7,1303.2,1303.9,1312.7,1306.8,1309.4,1306.5,1304.1,1313.6,1317.7,1328.4,1334.1,1333.2,1337.2,1344.8,1354.0,1366.6,1380.0,1384.8,1390.1,1414.3,1420.8,1419.7,1421.8,1439.3,1459.1,1462.2,1467.8,1518.0,1463.7,1485.4,1527.5,1528.2,1532.0,1545.1,1547.8,1548.8,1575.8,1572.6,1572.5,1587.7,1582.1,1574.9,1560.3,1582.1,1603.0,1586.8,1592.0,1590.2,1591.9,1592.0,1580.6,1573.1,1578.6,1584.5,1593.8,1607.3,1602.6,1618.7,1617.5,1616.3,1616.4,1634.8,1645.0,1645.8,1667.1,1687.0,1694.3,1676.2,1653.0,1681.0,1696.8,1733.1,1743.6,1730.0,1746.1,1749.5,1775.3,1764.8,1796.9,1788.1,1810.0,1810.9,1815.1,1825.1,1838.7,1868.0,1880.6,1883.8,1886.1,1897.2,1892.7,1922.4,1913.3,1922.7,1947.3,1984.4,2026.4,2051.7,2003.3,2004.2,2041.8,2047.9,2038.4,2072.1,2076.1,2082.3,2116.8,2123.0,2098.9,2083.1,2072.0,2123.4,2116.2,2120.9,2150.2,2151.0,2170.3,2177.0,2194.8,2174.6,2195.1,2196.9,2245.0,2255.9,2252.6,2238.4,2267.6,2276.2,2300.6,2340.6,2356.3,2336.8,2303.1,2262.9,2153.0,2085.3,2110.3,2130.2,2106.2,2119.6,2131.7,2168.1,2175.0,2197.9,2207.2,2218.8,2219.7,2230.2,2241.5,2246.6,2247.2,2257.0,2241.3,2243.7,2246.2,2262.2,2279.7,2297.9,2323.4,2339.8,2365.4,2373.5,2404.4,2430.4,2425.1,2439.2,2430.5,2433.8,2446.7,2446.9,2454.7,2444.8,2470.0,2501.3,2500.5,2500.7,2486.6,2461.2,2460.3,2498.5,2511.6,2524.4,2509.9,2497.2,2543.4,2561.7,2535.8,2512.2,2526.9,2529.7,2549.3,2550.2,2560.5,2566.0,2577.9,2591.3,2589.4,2610.8,2608.1,2639.0,2636.3,2649.5,2660.5,2670.1,2651.3,2666.2,2655.8,2634.7,2587.0,2604.6,2625.7,2617.4,2649.4,2656.7,2676.5,2672.5,2651.1,2637.2,2649.4,2644.6,2630.2,2631.0,2637.4,2660.0,2672.3,2701.5,2676.4,2682.2,2694.8,2701.5,2700.7,2730.6,2751.5,2757.7,2770.2,2778.6,2755.8,2771.4,2763.0,2788.8,2842.9,2825.8,2856.9,2893.0,2906.9,2906.9,2900.0,2909.1,2939.3,2916.9,2926.3,2929.1,2937.1,2958.0,2976.3,2898.7,2929.4,2936.4,2976.6,3002.2,3011.3,3016.9,3036.2,3040.4,3019.3,3034.0,3046.0,3061.4
9,"        Food and beverages purchased for off-premises consumption",320.2,323.3,322.1,323.9,323.3,324.8,323.9,326.5,325.4,325.8,325.6,327.0,329.1,331.3,338.5,337.8,341.0,340.8,344.8,348.8,347.6,349.8,352.3,351.7,356.9,357.8,358.6,359.1,363.3,363.6,365.5,367.1,370.9,370.3,373.5,378.1,378.3,382.7,388.0,387.7,388.6,393.8,392.5,394.9,399.9,394.2,398.7,395.0,398.1,397.9,405.7,402.9,409.0,407.0,406.2,405.8,403.1,401.4,402.5,395.7,405.2,402.6,400.4,403.0,402.2,401.6,404.2,405.5,404.9,408.8,407.7,407.6,405.7,410.3,408.8,409.5,413.2,411.6,413.8,412.6,416.9,417.6,419.9,421.7,421.3,424.4,426.1,428.8,428.6,433.0,431.4,436.0,438.3,438.4,438.8,440.1,443.3,439.1,440.1,440.2,443.5,443.6,442.8,443.6,445.0,445.3,446.3,452.1,451.8,452.6,455.8,459.4,458.8,462.1,463.6,464.2,465.0,468.6,469.6,471.0,471.8,473.4,475.3,472.9,470.7,471.7,476.1,476.0,477.1,477.3,479.1,475.8,477.7,478.5,480.6,482.1,484.1,487.1,488.6,489.5,491.7,493.1,495.6,500.6,502.3,505.3,506.0,510.0,512.4,510.9,513.6,516.9,522.4,519.0,523.3,544.1,518.7,526.5,535.1,536.0,536.6,542.9,542.9,544.3,546.7,550.9,550.6,555.6,556.8,555.9,554.8,562.0,564.9,563.5,564.1,566.3,569.0,569.6,568.6,572.5,569.2,571.1,573.7,571.4,573.4,574.0,576.6,574.2,573.5,577.1,583.1,583.3,586.8,589.4,590.5,591.8,588.2,595.7,601.0,607.6,608.8,609.9,613.1,612.3,620.9,617.1,623.4,625.4,628.6,629.2,631.5,634.7,640.4,643.1,646.6,650.3,653.3,655.4,656.8,664.2,662.0,666.7,666.3,670.8,675.5,681.0,682.3,684.5,684.9,691.9,689.7,692.8,697.2,696.8,699.7,703.4,702.1,712.5,712.4,719.7,722.6,725.6,728.5,727.5,731.7,736.2,741.2,738.2,742.2,745.1,752.0,757.2,757.0,755.8,759.2,767.7,771.2,773.2,776.1,776.9,772.8,773.1,775.1,770.9,779.3,770.7,769.8,770.5,772.5,770.3,769.8,770.0,774.1,775.3,772.5,780.3,777.3,791.6,784.6,785.7,783.7,780.7,780.9,785.5,789.6,789.0,797.6,796.2,803.3,807.9,809.3,818.6,813.5,820.5,822.2,825.7,826.0,829.8,831.1,826.6,836.7,837.9,842.8,845.1,845.5,845.6,848.1,845.8,848.2,853.1,852.3,853.3,857.0,865.7,862.8,858.9,865.5,866.2,872.2,873.4,877.3,877.8,880.9,888.9,891.3,893.9,895.6,899.8,904.0,911.1,913.1,917.2,919.0,924.2,926.3,929.7,933.3,935.6,937.9,934.8,936.2,940.2,945.0,944.9,949.9,943.1,950.2,953.3,953.5,961.8,954.9,964.8,968.2,973.3,969.4,972.3,973.5,980.7,979.6,983.2,989.6,992.7,999.2,1003.3,1001.2,1007.7,1007.4,1013.7,1022.7,1022.8,1025.9,1039.2,1041.6,1041.5,1042.6,1037.6,1045.4,1036.1,1041.6,1041.0,1045.5,1050.2,1061.2,1048.3,1068.1,1055.5,1069.6,1072.9,1077.3,1085.6,1097.1,1097.6,1090.4,1091.8,1094.7,1098.2
10,"        Clothing and footwear",159.0,167.4,166.2,165.8,166.2,168.0,169.2,169.8,169.4,169.5,169.6,172.6,172.4,170.8,175.1,173.3,175.9,175.8,178.1,178.4,181.4,185.6,185.4,186.4,191.1,183.4,184.1,189.7,189.0,190.0,189.9,191.1,193.4,193.4,194.5,195.0,195.0,194.7,197.3,193.8,195.5,197.8,197.6,195.1,195.1,193.8,193.8,193.5,192.7,197.0,199.0,202.0,200.3,198.5,201.9,203.2,198.9,198.1,199.6,197.9,204.2,208.6,204.4,206.7,208.8,211.1,210.5,214.0,215.9,216.2,215.8,218.6,220.8,214.0,211.5,216.4,218.8,218.6,220.1,219.5,221.0,222.0,223.4,222.6,221.6,224.4,228.7,226.8,223.6,226.0,226.5,229.2,227.3,231.7,231.6,231.9,231.6,224.9,229.0,228.1,229.9,231.1,233.9,229.5,236.9,230.0,234.7,235.4,231.4,237.0,236.6,239.7,239.3,240.4,238.8,240.0,242.4,243.5,241.9,243.5,243.0,243.9,244.1,242.7,243.7,246.8,249.0,250.8,249.9,250.6,252.7,252.7,253.4,255.4,255.0,258.7,257.1,257.1,259.1,257.6,255.7,260.4,262.1,262.0,265.5,267.1,269.9,269.6,271.7,273.0,271.2,272.3,273.0,272.9,272.3,274.5,271.5,275.4,280.9,278.8,282.1,279.4,278.4,281.9,287.3,284.1,285.7,284.5,285.4,282.0,274.5,280.9,278.5,275.7,277.8,280.0,268.1,276.0,277.1,278.3,278.5,279.2,279.8,280.8,276.0,279.2,276.8,277.2,272.5,283.0,280.1,282.8,280.7,274.1,279.2,278.8,282.7,285.9,289.6,290.0,290.8,287.8,291.1,292.9,293.3,295.4,301.0,293.0,296.8,293.7,295.7,296.2,297.6,301.4,301.4,303.1,303.7,310.1,304.4,311.6,308.7,313.0,308.3,310.9,305.5,317.2,316.8,315.9,318.4,317.0,316.8,320.5,316.1,318.5,318.9,317.5,325.4,324.7,318.8,327.6,327.3,321.3,329.1,320.7,325.4,322.6,323.8,322.2,321.1,321.2,324.3,322.7,322.2,319.0,317.7,323.1,325.5,326.1,324.8,322.7,309.9,305.5,308.6,303.4,307.1,308.9,297.5,300.6,303.6,299.5,302.6,306.4,305.0,308.0,304.4,304.8,310.2,311.1,316.8,317.0,314.3,314.6,313.5,316.7,316.9,319.3,325.9,323.1,325.1,327.7,328.7,330.0,330.3,334.9,332.7,330.1,337.0,335.8,338.9,339.9,341.1,347.1,347.0,341.3,342.2,344.0,344.8,345.9,347.9,345.9,347.5,348.1,356.7,351.8,351.8,352.4,353.2,353.0,356.1,353.2,353.5,358.6,354.2,357.7,353.3,359.3,362.1,370.7,366.2,368.2,370.1,372.6,370.4,374.7,378.5,377.2,373.3,376.8,379.7,378.4,382.9,378.3,381.3,382.7,385.1,381.7,384.2,385.2,385.5,393.7,388.7,387.2,389.9,395.7,391.9,395.3,396.4,394.2,390.7,396.6,400.7,396.4,398.9,400.8,397.3,401.1,398.2,401.9,403.2,399.8,406.0,408.8,412.9,416.3,402.5,410.2,418.7,406.0,410.8,405.4,404.7,409.5,416.3,399.1,407.1,409.1,412.7,413.1,414.5,416.3,420.6,418.1,412.4,414.7,413.5,417.7
11,"        Gasoline and other energy goods",87.1,93.3,94.5,94.9,97.8,96.0,96.9,97.7,99.2,99.2,100.7,99.2,99.7,97.3,98.3,99.7,98.6,100.6,100.0,101.2,101.4,101.0,101.0,99.5,99.7,104.7,106.1,114.3,117.6,116.7,112.7,111.0,108.3,110.7,108.6,114.8,114.5,119.0,115.8,114.6,112.7,114.1,115.9,128.4,132.0,141.5,141.9,140.0,132.9,123.7,117.6,117.6,120.7,120.4,119.8,119.2,120.3,119.5,118.7,123.2,120.8,117.3,122.2,122.9,124.9,124.5,126.8,125.9,127.8,127.6,128.7,130.6,126.1,130.1,129.7,127.2,128.4,123.7,124.0,126.2,125.0,127.8,128.6,125.8,129.0,128.9,124.2,125.0,124.1,125.3,130.1,134.4,132.2,132.3,129.9,135.2,133.8,136.1,133.7,133.8,135.9,137.6,134.5,132.6,130.7,130.1,130.3,131.8,137.5,135.5,144.3,148.1,148.9,146.5,145.1,144.0,141.3,146.4,148.6,150.8,150.4,153.9,152.2,147.7,141.9,143.4,143.2,146.9,149.4,147.8,149.0,146.3,140.9,135.4,132.2,130.2,131.5,133.6,133.6,131.8,130.7,131.3,129.8,127.2,125.9,125.0,128.0,144.6,143.9,144.0,149.6,153.1,157.5,162.1,154.8,170.0,164.8,172.6,187.2,180.2,179.6,191.0,190.4,183.3,194.4,190.5,187.0,193.2,190.3,186.2,181.0,185.3,197.5,188.2,180.5,171.7,187.2,168.6,154.7,144.6,144.6,146.6,155.6,165.6,169.4,171.3,171.0,175.1,174.1,179.0,181.1,181.5,195.7,213.0,211.4,192.3,172.6,175.1,179.2,201.5,211.3,200.1,200.7,203.9,218.3,217.5,221.0,214.7,226.8,232.5,228.3,231.2,233.0,252.9,261.5,255.3,251.2,255.9,258.1,268.5,254.7,252.1,279.5,306.7,349.6,341.4,294.3,293.3,309.3,305.0,298.8,324.9,328.5,329.2,361.0,362.1,324.4,294.4,287.6,310.5,302.0,310.9,323.0,336.8,344.0,344.1,353.5,337.5,356.5,354.6,385.8,398.0,391.6,384.8,410.5,398.8,413.0,451.6,460.5,444.0,432.1,397.0,282.4,226.7,235.4,256.6,241.9,243.2,253.1,299.0,297.5,314.8,314.4,322.4,333.5,332.6,339.3,326.8,323.2,328.9,321.7,317.7,324.3,328.3,337.1,352.1,358.4,382.9,384.1,389.4,411.6,425.2,425.7,419.6,418.6,417.3,424.8,417.2,419.9,412.3,414.5,433.5,429.3,431.4,419.6,399.9,386.6,431.3,436.3,449.3,425.5,406.0,426.7,444.8,427.2,411.2,409.9,413.4,417.3,422.0,418.4,415.9,426.7,425.9,432.9,433.9,420.0,431.3,421.9,418.8,423.6,420.0,399.6,400.4,380.5,348.0,301.2,315.3,323.4,318.4,338.1,343.5,347.1,339.5,307.7,303.0,299.8,288.5,276.4,251.7,272.1,282.1,288.4,299.1,285.3,281.6,292.9,295.6,301.7,317.3,320.7,326.1,323.2,320.0,306.4,303.2,296.3,312.3,346.9,333.5,344.4,354.8,362.1,355.2,360.0,362.5,369.5,374.8,370.0,376.8,376.8,381.2,363.4,347.8,324.0,339.7,353.6,376.3,366.6,354.3,353.3,352.9,344.0,349.0,356.3,360.1
12,"        Other nondurable goods",216.5,221.8,220.6,224.4,225.1,226.6,227.3,228.6,228.2,229.6,230.4,231.2,231.1,233.3,238.4,238.3,238.9,239.8,241.8,243.2,245.6,247.4,249.3,249.6,254.9,254.6,255.7,257.4,260.3,262.2,264.4,265.9,268.5,268.6,272.0,274.5,277.5,279.4,280.4,280.4,280.7,283.0,285.0,285.8,287.1,286.9,289.0,288.0,289.3,292.3,296.3,294.6,296.8,295.4,297.2,298.2,299.2,299.5,301.9,304.2,309.7,310.2,307.3,310.7,312.5,312.8,314.7,315.9,317.1,321.3,319.3,322.3,325.8,327.0,327.5,329.3,331.3,331.0,334.0,332.1,332.5,332.8,335.3,338.3,338.1,340.2,343.7,345.6,347.6,349.9,351.3,355.3,356.7,358.7,358.7,361.6,364.3,361.0,363.8,366.2,369.2,371.9,371.7,372.8,376.9,376.2,380.3,382.6,379.5,384.3,387.4,390.2,391.0,394.2,396.8,398.0,400.2,404.6,406.4,409.9,406.9,411.9,416.2,415.3,416.7,419.6,422.9,424.1,426.8,428.2,431.9,432.0,437.4,437.2,436.3,442.5,445.0,450.6,452.8,454.3,459.1,460.1,466.5,476.8,486.3,487.3,486.2,490.1,492.7,491.8,487.4,497.0,506.1,508.2,517.3,529.4,508.6,510.8,524.3,533.2,533.7,531.9,536.1,539.4,547.5,547.1,549.2,554.3,549.6,550.8,549.8,553.9,562.1,559.4,569.5,572.2,567.6,577.9,580.2,577.7,586.3,587.5,584.7,589.5,583.8,594.3,593.1,589.8,596.3,595.7,600.7,598.1,603.9,610.5,613.1,613.4,609.5,624.3,627.0,634.0,632.7,632.2,641.2,640.3,642.8,634.8,651.5,655.0,657.8,655.4,659.5,663.1,667.7,670.7,671.1,675.2,677.9,675.8,673.4,678.2,687.9,691.0,693.2,696.0,695.8,712.1,710.0,710.4,729.2,734.0,733.1,733.8,734.4,737.8,737.1,740.0,746.9,751.5,753.3,765.6,764.4,763.2,769.6,766.1,769.2,774.1,776.3,776.7,775.2,776.0,782.9,778.0,781.7,778.8,780.3,786.5,791.0,789.6,794.9,793.2,788.4,787.3,787.0,784.2,788.4,794.1,796.9,805.3,802.5,799.2,805.1,806.7,813.8,813.2,809.3,812.4,814.8,817.0,822.6,825.4,821.6,830.8,827.4,831.8,836.1,837.5,841.5,837.6,853.0,848.5,854.9,856.6,855.6,864.3,857.1,860.6,858.9,864.1,864.8,866.0,877.7,882.8,881.5,882.9,879.2,871.8,880.8,875.5,879.3,876.1,884.8,889.8,903.0,899.4,894.2,889.6,898.3,897.0,903.7,901.6,911.3,913.7,916.1,918.8,912.0,923.7,930.4,937.3,944.3,951.4,953.7,960.3,962.4,966.9,970.4,979.8,979.2,976.9,984.7,985.8,992.2,994.7,1003.1,1005.4,1008.4,1009.4,1015.3,1017.6,1014.9,1023.8,1021.8,1025.8,1025.8,1033.5,1029.7,1033.0,1032.0,1030.9,1028.6,1033.6,1040.5,1042.5,1048.9,1054.5,1050.9,1059.5,1061.1,1060.9,1070.1,1069.7,1080.6,1090.3,1090.4,1093.9,1094.8,1098.7,1105.7,1100.0,1103.9,1105.9,1110.1,1117.1,1135.3,1103.5,1130.2,1132.2,1140.6,1139.9,1152.9,1160.8,1165.2,1171.8,1172.5,1178.5,1181.5,1185.4
13,Services,1752.9,1769.0,1781.0,1792.2,1802.0,1811.6,1825.0,1839.4,1844.0,1867.3,1870.6,1884.7,1911.3,1920.1,1937.9,1946.1,1964.6,1984.2,2005.7,2026.2,2030.3,2051.9,2060.4,2073.8,2085.0,2106.3,2112.3,2122.0,2134.0,2142.1,2155.7,2166.9,2179.8,2196.7,2204.6,2230.1,2229.0,2246.6,2269.6,2287.8,2303.1,2321.6,2334.3,2354.8,2361.0,2368.1,2365.7,2370.8,2375.3,2388.8,2399.0,2415.4,2432.9,2441.4,2455.5,2463.0,2475.2,2483.5,2503.6,2518.6,2549.1,2559.7,2590.9,2598.2,2608.0,2616.1,2641.3,2647.7,2672.5,2688.1,2714.9,2725.0,2724.1,2749.7,2753.8,2768.0,2778.7,2806.5,2818.5,2839.2,2856.4,2863.7,2872.7,2884.3,2895.6,2921.5,2929.6,2938.0,2956.7,2974.4,2979.3,2995.7,3006.7,3022.2,3031.4,3042.1,3054.7,3076.7,3091.6,3108.7,3129.8,3150.6,3156.3,3181.4,3179.6,3194.3,3213.4,3227.5,3239.8,3260.3,3278.8,3290.9,3305.7,3317.3,3334.7,3347.1,3364.0,3376.4,3392.5,3415.6,3435.7,3448.9,3454.9,3483.3,3497.0,3510.6,3542.0,3556.7,3578.5,3609.1,3607.6,3639.2,3647.4,3677.9,3705.5,3716.4,3741.9,3771.9,3786.4,3806.9,3827.6,3834.5,3843.5,3865.7,3885.5,3890.3,3915.6,3943.9,3956.0,3972.8,4000.5,4020.7,4051.0,4081.2,4109.7,4133.2,4170.6,4209.1,4235.7,4250.2,4270.7,4303.6,4323.4,4347.6,4381.5,4400.6,4424.0,4451.0,4488.9,4488.0,4511.3,4513.8,4533.8,4548.8,4565.3,4589.0,4511.0,4585.8,4604.8,4638.1,4635.3,4657.5,4674.7,4703.6,4723.7,4735.8,4768.2,4776.6,4791.3,4830.4,4840.3,4864.3,4891.6,4905.3,4932.6,4954.4,4991.7,5004.6,5035.3,5059.7,5069.0,5101.2,5123.0,5149.4,5183.7,5210.4,5222.5,5256.3,5274.9,5303.1,5345.0,5367.5,5403.5,5430.4,5463.9,5498.0,5515.2,5548.7,5585.5,5613.2,5641.9,5676.1,5704.3,5726.2,5760.3,5787.1,5826.5,5848.8,5861.9,5904.6,5943.4,5968.5,6008.5,6027.8,6058.3,6073.2,6109.5,6142.2,6163.8,6189.3,6239.0,6269.9,6283.1,6311.3,6317.8,6351.6,6375.7,6432.0,6447.4,6476.7,6513.2,6536.9,6575.4,6594.9,6623.9,6655.0,6687.9,6716.1,6728.9,6724.6,6740.1,6744.6,6729.8,6721.2,6714.0,6688.1,6682.8,6674.1,6661.0,6678.0,6690.4,6717.2,6725.2,6754.3,6748.6,6800.8,6808.5,6841.7,6856.9,6879.3,6927.9,6943.5,6974.5,6991.2,6991.3,7009.3,7032.7,7052.5,7063.8,7083.4,7120.3,7130.8,7165.9,7179.0,7215.4,7231.2,7235.2,7241.6,7244.2,7258.1,7296.4,7340.0,7355.4,7380.5,7386.8,7398.8,7421.8,7419.1,7441.8,7471.9,7499.1,7503.9,7515.8,7534.6,7572.4,7584.8,7605.4,7625.3,7629.7,7665.5,7694.0,7737.4,7779.3,7808.2,7811.9,7817.2,7877.9,7888.6,7927.5,7957.7,7990.1,8049.5,8074.1,8128.7,8149.1,8182.2,8199.5,8228.3,8241.2,8275.8,8306.5,8333.4,8363.7,8392.8,8410.2,8440.2,8441.7,8474.6,8518.0,8570.5,8566.4,8612.3,8640.2,8671.5,8714.7,8742.5,8781.9,8790.1,8834.7,8883.2,8927.3,8940.4,8989.7,8999.7,9027.2,9050.2,9087.6,9102.4,9137.1,9174.6,9216.7,9288.0,9318.2,9341.2,9412.1,9451.0,9466.9,9526.3,9555.9,9587.9,9595.5,9641.1,9667.1,9679.7,9685.3,9708.2,9766.9,9791.2,9816.5,9860.2,9921.7,9976.8,10017.8,10051.6,10107.6,10153.0
14,"    Household consumption expenditures (for services)",1698.8,1714.3,1726.8,1738.0,1747.2,1756.4,1769.2,1782.9,1787.2,1810.7,1812.8,1827.1,1851.5,1859.3,1877.3,1884.6,1901.8,1921.3,1941.7,1962.0,1965.0,1985.7,1994.6,2008.0,2018.8,2041.1,2046.6,2054.4,2066.8,2074.4,2086.7,2098.2,2110.4,2126.4,2134.9,2160.1,2158.7,2175.2,2197.0,2214.1,2228.5,2245.9,2257.3,2276.7,2281.7,2289.0,2286.3,2291.8,2296.8,2310.3,2320.3,2336.4,2353.5,2361.4,2375.2,2382.3,2394.3,2402.3,2421.7,2436.2,2465.9,2474.9,2505.3,2511.6,2521.1,2528.5,2552.9,2557.9,2582.1,2597.3,2624.2,2634.6,2634.8,2661.1,2665.1,2679.1,2689.5,2717.0,2728.5,2748.6,2765.5,2772.4,2781.0,2792.1,2802.5,2827.8,2835.0,2842.7,2860.4,2876.9,2880.7,2896.1,2906.4,2921.0,2929.6,2940.6,2954.2,2976.5,2990.9,3007.4,3028.1,3048.4,3054.0,3078.7,3076.4,3090.6,3109.1,3122.5,3133.1,3152.1,3169.4,3181.2,3195.1,3205.7,3222.3,3235.3,3252.7,3265.4,3282.4,3307.8,3330.1,3344.6,3351.3,3379.9,3393.6,3406.8,3437.8,3451.6,3472.3,3501.5,3498.4,3528.4,3534.4,3562.9,3588.5,3597.2,3620.6,3648.8,3661.3,3679.7,3698.6,3704.0,3711.4,3732.6,3752.5,3757.4,3781.8,3808.7,3819.8,3835.7,3862.3,3881.2,3910.0,3938.6,3965.8,3987.8,4023.3,4059.9,4084.0,4097.8,4116.8,4147.3,4165.2,4187.5,4218.4,4234.9,4255.4,4281.1,4317.2,4315.8,4337.6,4338.2,4355.8,4369.3,4384.5,4407.2,4328.1,4402.3,4420.7,4452.9,4448.2,4468.1,4482.9,4509.7,4527.7,4537.5,4567.7,4574.0,4587.5,4625.7,4634.2,4658.2,4685.9,4701.0,4727.8,4750.0,4786.6,4799.1,4829.3,4854.0,4863.3,4894.9,4916.6,4943.4,4977.0,5003.6,5015.1,5049.0,5067.2,5095.0,5137.1,5161.0,5198.6,5225.9,5259.2,5294.1,5312.8,5347.7,5382.8,5407.4,5434.4,5468.1,5496.7,5517.2,5547.8,5568.6,5603.9,5623.0,5632.8,5672.7,5708.7,5731.0,5768.8,5786.1,5814.9,5829.2,5866.3,5901.2,5922.5,5946.6,5993.3,6024.0,6037.4,6068.4,6075.9,6108.7,6129.9,6183.4,6195.4,6221.3,6254.8,6276.8,6311.4,6326.5,6349.6,6376.8,6404.8,6428.6,6438.6,6430.9,6442.3,6442.0,6425.0,6418.4,6417.2,6396.2,6394.2,6388.9,6377.7,6395.4,6406.5,6431.6,6436.7,6461.3,6453.6,6505.0,6512.8,6546.0,6560.4,6581.8,6630.1,6646.6,6678.9,6696.9,6699.6,6719.6,6742.7,6760.5,6767.6,6785.2,6818.7,6827.2,6857.5,6864.3,6892.3,6905.0,6910.5,6924.0,6929.8,6944.4,6977.2,7015.2,7023.4,7042.5,7045.4,7056.3,7081.9,7078.2,7095.8,7116.1,7138.5,7146.3,7168.5,7193.3,7230.7,7238.8,7256.3,7275.1,7279.9,7316.1,7344.6,7388.4,7431.0,7461.2,7465.7,7470.7,7529.3,7537.0,7574.0,7603.4,7636.1,7695.0,7718.2,7771.1,7790.4,7824.6,7845.4,7877.3,7889.3,7922.0,7950.2,7974.0,8000.4,8025.5,8038.7,8063.0,8061.9,8094.5,8137.2,8189.7,8186.3,8235.9,8263.0,8289.0,8324.6,8347.0,8383.9,8392.0,8434.7,8482.9,8526.3,8539.3,8588.4,8598.0,8626.5,8652.4,8693.5,8710.8,8746.5,8783.5,8824.5,8894.2,8919.7,8937.4,9003.8,9038.1,9051.5,9110.2,9141.6,9169.2,9168.0,9197.9,9217.2,9237.1,9267.8,9307.0,9367.7,9382.8,9401.2,9439.1,9497.5,9551.0,9592.5,9627.2,9683.1,9727.7
15,"        Housing and utilities",552.4,555.2,559.3,562.3,567.3,570.7,573.7,578.5,577.4,588.4,583.7,589.8,599.7,598.3,601.5,601.5,606.5,613.1,618.1,623.3,619.1,631.1,629.3,631.7,628.0,648.9,642.4,644.9,647.8,647.5,652.6,658.6,662.3,666.9,672.6,689.6,667.1,675.9,682.7,688.7,691.7,696.9,699.2,707.2,712.7,712.0,708.7,715.8,719.9,715.9,723.3,727.2,739.1,734.7,738.9,737.6,743.4,742.4,753.9,746.8,750.0,749.2,764.9,767.1,765.1,767.7,771.9,770.6,780.9,781.5,794.1,790.3,785.4,804.5,804.0,803.2,801.7,815.6,815.9,823.1,828.1,830.2,826.9,840.6,843.4,848.9,849.2,851.0,858.7,871.9,862.5,870.2,871.6,876.2,877.1,879.4,885.2,894.2,889.7,902.4,908.7,912.2,921.1,929.8,921.5,924.0,936.1,939.3,944.0,952.5,954.2,956.1,961.2,959.9,957.5,967.2,964.8,973.1,979.0,979.8,989.1,989.5,985.8,1001.6,1001.1,1000.7,1011.3,1011.7,1020.3,1036.7,1030.1,1040.0,1030.2,1042.4,1051.4,1049.9,1062.7,1072.7,1071.9,1076.6,1081.4,1078.4,1079.5,1088.5,1097.3,1094.5,1106.9,1110.9,1114.3,1122.8,1130.9,1134.2,1138.9,1141.8,1138.5,1146.7,1156.0,1161.3,1159.1,1172.7,1183.5,1196.8,1198.5,1208.8,1218.3,1224.3,1238.4,1265.2,1263.0,1270.2,1281.1,1273.0,1283.1,1287.8,1293.3,1295.2,1297.4,1304.8,1295.2,1305.7,1298.8,1302.5,1315.4,1317.7,1326.6,1325.0,1335.0,1332.8,1339.2,1354.4,1352.3,1354.6,1367.8,1369.8,1372.5,1389.9,1386.9,1378.4,1391.4,1396.5,1397.3,1407.3,1413.4,1421.9,1430.4,1439.4,1428.9,1445.6,1450.2,1455.2,1466.1,1472.9,1488.7,1495.9,1508.1,1518.0,1521.8,1527.9,1552.5,1552.5,1571.4,1583.0,1590.3,1595.4,1605.6,1612.4,1620.6,1627.8,1603.2,1635.7,1645.5,1642.4,1661.8,1664.1,1687.0,1681.2,1688.1,1696.9,1693.3,1689.3,1717.5,1736.8,1725.8,1753.8,1737.4,1751.1,1754.2,1777.9,1779.2,1776.6,1801.3,1803.1,1817.6,1840.8,1846.9,1857.1,1867.8,1881.9,1887.2,1880.1,1888.2,1896.4,1905.6,1903.0,1904.7,1888.2,1904.7,1894.8,1889.8,1891.7,1885.5,1899.0,1900.3,1913.4,1896.4,1931.7,1927.6,1933.0,1923.9,1922.5,1945.0,1952.2,1957.5,1959.1,1952.6,1953.9,1965.0,1983.1,1970.9,1958.4,1970.7,1968.1,1978.5,1980.1,1998.8,1994.0,1992.7,2001.9,1993.3,1992.0,1980.6,1990.7,1981.5,2007.2,2011.9,2013.1,2034.2,2022.7,2026.8,2034.6,2038.8,2034.6,2048.0,2065.4,2091.5,2080.5,2079.7,2080.9,2074.5,2081.7,2093.0,2100.2,2110.7,2122.2,2145.1,2133.7,2148.2,2139.7,2140.5,2134.4,2128.2,2139.5,2149.9,2155.9,2172.6,2164.4,2176.7,2203.1,2189.2,2179.8,2181.7,2193.1,2193.0,2204.0,2209.4,2212.2,2206.4,2205.0,2225.6,2232.5,2226.1,2245.9,2258.3,2271.2,2281.0,2292.8,2292.0,2291.8,2291.5,2319.9,2295.5,2295.2,2321.8,2332.8,2344.3,2349.4,2353.2,2354.8,2368.9,2379.7,2387.5,2418.9,2421.8,2403.3,2435.5,2454.5,2437.9,2451.2,2456.6,2469.6,2475.5,2492.8,2508.5,2504.6,2509.3,2519.4,2535.8,2534.6,2542.1,2546.1,2568.2,2575.7,2592.4,2599.5,2615.0,2605.7
16,"        Health care",346.1,350.5,355.2,357.0,360.8,365.1,368.5,372.1,375.2,377.8,381.6,382.2,388.6,392.2,397.2,400.4,405.0,407.8,413.5,417.7,418.9,422.2,426.4,430.5,435.0,436.8,439.5,443.0,444.3,447.2,451.6,454.0,457.9,464.4,468.4,472.4,479.4,482.2,487.6,493.0,499.4,505.7,511.8,515.8,518.2,523.4,527.4,530.6,532.8,537.5,538.7,545.2,546.6,552.5,556.3,561.9,565.9,571.9,576.3,583.7,588.6,591.8,598.9,604.1,607.6,611.6,616.2,620.5,624.7,627.0,628.6,633.8,635.7,641.2,639.4,641.9,645.2,647.8,652.5,652.2,653.7,656.4,659.3,660.3,663.8,667.3,670.2,672.1,677.4,676.9,681.8,684.3,688.0,691.1,695.1,697.5,703.0,707.4,713.0,712.1,716.5,718.1,719.2,725.2,726.3,730.7,731.4,735.7,736.8,731.6,740.6,745.5,746.1,752.4,751.2,754.1,759.1,764.4,767.7,775.3,774.6,776.1,778.3,781.6,785.4,789.1,793.4,796.6,799.5,801.2,805.2,810.3,816.2,820.2,824.1,826.4,829.6,831.9,834.2,836.5,839.5,840.7,841.8,843.4,845.9,849.3,851.4,853.3,856.0,859.1,863.9,867.5,871.9,877.1,881.7,885.8,889.3,893.6,898.5,904.3,910.2,915.6,921.3,926.7,932.1,937.1,943.2,949.2,959.6,966.3,972.7,979.0,984.1,992.0,998.7,1006.4,1013.2,1019.9,1028.5,1038.3,1045.3,1052.2,1058.9,1067.5,1074.9,1081.5,1088.1,1094.6,1100.1,1106.0,1110.1,1115.1,1120.4,1125.3,1133.4,1138.4,1145.6,1150.1,1156.8,1163.6,1169.1,1175.9,1182.1,1187.8,1196.3,1202.5,1207.2,1216.5,1225.7,1235.7,1244.3,1252.0,1261.1,1269.3,1275.4,1280.4,1286.5,1292.2,1297.0,1302.5,1309.5,1316.4,1326.8,1332.8,1339.9,1343.0,1348.1,1351.7,1356.3,1362.0,1368.4,1375.7,1381.7,1389.7,1395.0,1401.9,1407.6,1415.3,1421.6,1427.6,1443.8,1449.1,1455.0,1458.9,1463.9,1470.8,1478.4,1488.3,1497.2,1505.2,1508.1,1519.8,1528.8,1535.9,1541.3,1544.2,1548.5,1551.5,1557.6,1562.0,1566.9,1570.2,1575.2,1582.0,1592.3,1600.4,1607.5,1617.9,1627.9,1636.7,1643.5,1648.5,1651.4,1654.9,1656.0,1655.7,1658.6,1662.1,1669.3,1677.2,1685.9,1698.2,1711.2,1720.7,1725.1,1725.7,1728.0,1732.8,1735.9,1742.3,1746.2,1750.6,1755.2,1754.5,1753.2,1753.4,1759.6,1767.6,1777.8,1789.3,1803.4,1812.8,1817.4,1814.6,1813.2,1814.7,1818.8,1823.3,1828.1,1834.1,1836.7,1838.6,1836.4,1838.0,1844.1,1849.0,1854.1,1858.9,1859.9,1864.1,1875.2,1890.3,1899.1,1896.1,1884.7,1882.4,1890.4,1909.3,1927.0,1942.7,1955.9,1967.4,1979.3,1988.7,2002.6,2015.0,2017.2,2024.9,2029.9,2034.9,2044.5,2058.3,2075.7,2085.0,2087.3,2082.2,2083.2,2093.9,2109.2,2130.0,2144.0,2160.8,2168.3,2167.0,2160.1,2163.5,2173.2,2187.0,2200.5,2212.0,2221.0,2224.5,2224.5,2219.0,2219.5,2228.7,2242.5,2255.6,2266.4,2274.2,2280.0,2287.8,2299.1,2308.9,2320.5,2323.6,2332.0,2346.4,2364.7,2372.1,2370.3,2361.5,2362.2,2375.4,2399.9,2423.0,2440.8,2450.5,2454.1,2458.5,2469.4,2485.4,2499.3,2517.6,2530.2,2540.0
17,"        Transportation services",98.7,99.8,100.0,101.4,101.4,102.5,103.3,104.1,105.9,106.2,106.7,107.0,108.3,109.4,110.4,111.2,112.7,113.9,114.7,116.2,116.8,117.8,119.4,118.9,120.1,121.2,122.1,121.5,122.2,121.8,121.3,122.1,122.6,123.1,123.0,121.3,123.3,124.7,125.9,126.4,127.2,126.6,126.2,127.0,127.4,128.7,127.8,125.2,123.4,122.9,122.4,122.3,123.0,123.0,123.8,123.6,124.3,125.1,123.8,126.7,128.6,129.7,130.2,131.2,130.5,131.4,137.9,133.0,135.1,136.9,138.7,140.3,140.3,141.2,142.3,143.0,143.2,145.1,145.6,147.1,148.3,149.4,151.7,151.5,152.6,154.0,158.2,158.1,159.4,160.2,161.7,163.4,164.4,166.1,167.1,166.5,167.9,168.7,170.7,171.9,174.1,176.0,176.7,180.0,180.8,183.2,183.6,182.8,182.2,185.8,187.8,188.9,191.4,189.5,192.0,193.5,198.2,201.3,197.7,203.8,203.9,205.3,208.8,210.2,209.1,211.2,212.9,212.2,216.9,218.1,215.9,217.1,218.9,220.4,221.2,222.7,222.2,224.0,226.4,226.6,228.9,229.4,230.0,231.6,232.6,234.0,235.3,236.5,238.3,240.6,243.3,243.8,245.8,247.7,249.7,248.6,250.0,254.7,257.6,256.9,260.6,261.8,260.4,264.4,266.8,267.2,269.2,265.7,268.4,266.6,265.6,266.1,263.8,263.1,262.6,265.8,242.4,249.9,252.5,250.9,251.3,252.4,251.9,251.9,252.5,251.9,248.8,251.9,252.5,252.2,249.2,255.9,255.2,255.6,255.3,251.9,256.2,257.5,260.3,263.2,263.6,264.5,263.5,268.7,266.9,268.8,268.9,268.5,268.4,269.8,272.1,272.7,271.3,274.1,275.9,276.4,277.3,276.9,278.9,280.5,281.9,283.5,285.5,284.4,288.6,287.8,290.5,290.7,292.0,292.9,292.9,295.1,296.1,297.3,298.5,296.5,299.4,299.9,301.4,302.8,303.1,305.0,306.5,304.2,306.2,305.9,306.5,308.8,309.8,312.8,313.3,308.7,316.9,311.0,311.2,312.1,316.7,318.4,316.7,315.7,312.8,309.9,303.8,307.1,304.2,299.9,295.0,295.5,292.3,290.9,295.2,296.2,296.9,298.5,300.1,303.7,304.4,301.2,303.8,302.4,301.8,302.4,303.1,304.0,306.1,310.2,310.8,311.6,313.0,315.5,321.1,323.7,329.3,329.3,331.7,331.5,336.7,336.1,337.0,335.3,333.2,333.2,336.7,341.4,344.7,344.9,342.0,342.3,341.9,342.0,343.9,346.4,350.0,351.2,351.5,354.8,356.4,360.2,362.9,366.0,365.9,365.2,359.5,377.5,371.7,376.3,378.9,378.0,380.3,383.3,385.4,387.7,386.3,387.6,384.6,392.6,388.4,387.3,390.9,392.2,394.5,392.9,395.3,392.7,394.3,396.8,397.4,399.2,404.3,407.7,405.6,406.9,407.6,409.1,412.0,409.9,418.0,414.3,418.1,419.0,418.8,417.9,418.3,422.1,422.3,426.0,430.1,432.8,437.0,439.5,441.8,446.1,452.1,456.1,456.8,456.3,455.0,454.6,454.2,454.9,456.5,458.3,460.3,462.2,465.2,467.3,472.0,477.2,481.1,484.9,488.9,494.9,497.9,500.7,503.0,502.4
18,"        Recreation services",83.7,85.2,84.8,85.8,86.2,86.4,86.9,88.1,88.9,90.2,90.3,90.8,92.8,93.8,94.8,96.3,97.7,98.9,99.8,100.9,102.2,103.6,104.7,105.4,108.1,107.4,107.9,108.3,109.8,111.1,111.8,111.6,112.7,112.9,112.5,114.0,115.5,117.0,119.2,120.2,120.6,121.9,122.5,123.9,124.0,124.5,126.0,126.0,123.2,125.5,125.8,124.9,126.0,127.1,127.7,127.1,128.3,128.8,129.7,132.0,133.8,135.0,136.4,137.0,139.0,139.0,140.2,141.0,142.0,143.5,145.0,145.7,147.2,147.7,148.7,151.4,150.6,152.5,154.9,156.4,157.0,158.0,157.3,158.6,159.5,160.6,161.6,161.9,162.7,164.7,166.9,166.3,166.0,166.8,169.0,169.8,171.6,173.2,176.3,176.6,180.4,181.8,181.2,183.9,184.7,186.0,188.6,188.8,187.8,189.6,192.0,191.9,193.1,195.8,200.1,197.1,197.9,199.5,200.1,202.2,202.0,205.4,205.0,206.6,208.0,207.4,208.8,210.1,209.7,212.1,211.5,213.3,216.6,215.7,216.7,217.5,217.3,218.4,220.1,222.2,222.5,224.2,225.1,226.4,227.0,228.9,231.1,234.1,234.0,236.3,238.6,241.1,245.3,245.4,247.4,247.6,246.1,249.1,252.6,252.8,252.8,253.8,258.2,256.1,256.7,257.5,259.2,257.8,263.7,261.1,261.8,261.6,263.0,261.3,262.7,264.0,258.3,260.8,264.1,265.0,266.1,266.5,267.1,270.6,270.5,267.9,270.4,271.7,274.2,276.0,275.8,280.0,278.6,278.2,281.2,281.4,285.7,287.5,289.3,292.8,294.5,297.1,298.4,301.7,303.9,306.7,310.6,309.7,307.6,310.8,311.2,313.2,315.2,315.1,316.9,316.9,317.5,322.9,324.6,324.1,325.8,327.2,327.2,329.6,330.4,334.8,337.6,335.9,342.9,341.5,343.2,346.3,347.8,347.9,350.0,352.5,354.6,357.3,365.2,366.2,366.0,366.4,371.3,370.0,374.9,373.7,377.8,377.5,378.8,382.4,381.3,387.1,386.1,385.5,386.2,388.8,391.6,393.9,394.3,391.9,389.2,388.7,387.1,385.2,389.8,388.7,383.9,383.7,382.4,385.4,387.6,390.6,392.3,390.6,393.6,392.3,392.5,395.2,397.8,402.8,403.0,404.3,409.0,409.4,408.1,409.8,409.3,403.5,402.1,404.0,406.2,407.2,409.6,412.2,412.6,411.8,413.2,409.3,410.0,410.0,418.3,420.4,422.0,424.2,427.6,433.4,434.4,430.3,435.5,439.2,441.0,443.0,442.9,446.4,443.0,440.4,444.3,443.9,448.9,454.1,451.1,451.4,458.1,459.3,460.7,466.5,467.7,463.4,464.9,465.7,468.6,479.8,473.2,480.4,479.1,483.0,489.5,487.6,486.6,494.4,499.1,498.1,497.6,498.7,503.4,508.8,513.3,519.3,518.6,522.8,516.6,520.7,521.3,524.4,532.6,530.1,535.1,538.1,539.8,542.2,550.7,552.2,558.8,556.3,555.5,556.4,560.0,555.9,551.0,550.5,555.4,560.0,565.0,574.8,571.8,572.5,572.2,576.6,577.2,580.9,581.3,577.8,577.3,583.4,580.8,582.4,592.7,592.5,592.5,597.8,596.6,603.3,601.1,606.4,610.6,609.8
19,"        Food services and accommodations",195.5,199.5,199.3,201.4,202.1,203.0,204.2,205.2,205.9,208.8,212.6,215.0,212.4,213.6,218.7,219.7,222.3,225.4,227.5,231.1,232.4,233.5,236.3,237.4,238.8,235.6,238.1,238.3,240.1,241.0,243.2,244.1,247.1,248.0,248.6,248.3,254.1,257.2,259.7,260.9,261.2,264.1,266.5,266.9,266.6,265.9,265.7,264.0,264.1,267.7,267.5,271.5,274.0,276.8,276.4,276.2,274.8,275.3,277.3,279.2,285.0,285.4,284.8,281.4,283.0,277.5,280.5,285.5,286.7,292.1,296.8,296.9,295.5,293.3,291.4,296.2,297.1,299.4,298.7,301.3,304.5,301.1,301.1,301.2,293.2,304.6,307.6,306.2,306.4,310.1,312.0,309.3,311.2,312.1,312.7,314.2,313.9,309.8,312.9,315.5,316.0,315.4,316.6,318.2,318.9,318.5,318.6,319.4,317.8,319.5,323.6,323.7,325.6,325.1,327.0,327.1,328.8,331.3,334.6,334.5,338.4,339.1,339.4,340.7,340.0,342.2,345.2,347.3,347.3,346.1,345.1,350.5,351.8,352.9,354.2,357.5,359.5,362.0,360.6,361.9,366.8,369.4,370.5,374.8,369.8,373.2,372.7,376.1,376.7,377.0,378.2,379.2,384.8,390.2,392.6,393.3,397.2,400.2,407.5,406.3,407.3,409.5,410.9,409.9,416.4,415.9,415.7,408.9,421.9,418.6,418.5,416.3,419.1,420.8,420.8,426.3,411.3,415.8,418.4,427.8,429.0,432.4,429.8,435.5,433.8,436.9,437.8,438.1,439.8,437.7,440.9,444.0,444.6,444.5,450.0,450.5,459.2,463.3,466.3,472.3,468.2,476.3,479.7,477.8,482.2,484.1,491.3,490.9,493.7,494.8,501.2,500.0,506.6,508.7,509.2,516.3,516.0,523.1,521.8,528.4,529.1,533.2,534.9,536.3,538.2,541.9,550.3,550.6,565.1,557.9,562.4,563.5,564.3,564.7,564.9,571.6,577.7,578.7,582.0,594.5,588.3,584.7,592.8,592.7,597.0,601.1,601.2,605.9,607.0,612.5,613.0,621.9,616.1,608.6,615.4,618.0,622.2,623.6,623.5,625.8,623.4,623.2,621.6,620.5,619.0,616.9,608.6,612.7,611.6,609.5,611.3,612.0,609.0,610.6,614.4,616.7,616.0,625.2,627.6,632.2,633.1,635.1,637.0,641.8,642.5,645.4,647.8,644.3,645.9,657.3,660.7,659.5,666.1,670.0,672.1,675.6,681.2,682.1,683.5,679.7,689.4,691.9,694.6,701.2,699.9,704.1,706.5,707.4,712.1,711.6,718.0,722.5,729.9,726.7,728.4,723.6,725.9,726.1,730.9,731.9,733.0,739.3,748.7,747.2,743.2,750.9,759.5,763.8,769.7,772.8,778.2,784.9,789.3,798.9,798.4,812.2,815.1,813.6,820.5,828.0,831.7,831.0,833.7,836.5,840.2,846.1,845.4,858.4,849.8,865.4,862.9,865.2,863.9,864.8,867.1,872.9,882.1,879.8,892.7,879.6,905.3,903.3,905.4,905.5,906.4,905.5,904.7,913.1,921.6,922.4,929.9,935.7,935.5,939.2,949.0,939.2,957.4,968.5,975.3,978.6,965.3,974.6,973.6,972.2,974.7,978.7,985.7,989.8,996.9,1005.2,1011.5,1013.8,1021.5,1027.4,1030.0,1041.5
20,"        Financial services and insurance",189.7,188.9,189.4,190.3,189.0,187.7,189.3,189.6,188.8,191.9,188.9,190.9,194.7,195.8,196.4,197.2,198.0,202.2,205.5,207.4,208.6,209.0,208.8,211.5,216.5,218.4,219.5,221.8,222.5,224.2,223.7,223.5,223.0,224.7,224.1,226.0,227.1,227.5,227.2,228.1,229.2,230.1,230.3,232.7,232.5,233.8,234.7,235.9,238.9,242.6,244.1,246.4,246.5,248.6,251.8,254.8,254.9,255.7,256.0,260.6,269.1,270.1,270.5,273.0,273.1,274.3,276.3,277.2,279.2,283.4,286.1,291.6,296.8,300.3,301.5,305.8,311.7,313.9,316.1,320.8,322.7,327.6,326.0,324.8,327.2,326.7,329.5,328.7,328.4,325.9,325.1,325.9,326.5,328.1,330.1,332.8,333.1,336.6,339.3,342.6,345.0,346.3,349.4,349.1,353.5,353.1,355.5,360.4,362.3,364.8,366.1,366.0,370.2,371.3,371.3,372.0,377.2,377.6,382.1,384.1,388.4,392.6,396.1,397.0,403.7,406.3,411.6,417.7,419.7,425.0,422.3,426.2,426.8,432.7,436.7,440.4,441.2,445.2,448.2,454.2,454.4,455.4,456.7,460.8,465.7,463.0,465.7,474.6,476.1,476.0,482.7,488.0,493.3,497.6,512.1,520.3,530.4,545.0,551.3,541.3,532.8,538.2,539.2,541.9,545.3,547.0,542.3,548.4,546.5,538.7,538.3,536.6,533.5,531.2,526.6,526.7,491.6,526.2,527.9,527.8,525.6,528.3,528.1,529.5,532.5,537.9,547.0,541.6,541.4,550.1,554.7,551.8,553.9,555.8,560.7,563.3,572.5,579.0,578.7,578.4,584.9,584.9,587.8,590.5,598.7,600.4,602.8,608.6,609.3,612.2,619.8,623.5,627.7,634.3,642.2,652.1,650.9,656.9,660.2,667.1,668.1,675.0,680.4,688.2,690.5,691.9,694.4,698.7,703.2,706.3,710.4,715.0,720.1,719.0,713.7,717.7,724.7,730.8,734.2,739.2,741.3,744.7,745.8,746.6,752.6,760.5,766.6,776.8,773.2,778.6,784.4,781.2,786.8,784.3,784.1,784.0,785.6,786.8,785.2,778.8,786.8,776.4,751.6,739.1,728.2,724.5,720.3,716.5,716.5,717.5,715.4,715.0,714.6,724.1,724.5,729.1,740.1,748.2,755.1,762.4,772.4,766.5,766.6,769.8,773.0,782.3,789.4,790.1,793.5,798.5,802.2,806.9,807.9,809.1,815.7,831.1,818.5,814.3,813.8,821.3,829.5,839.5,839.0,830.5,826.1,824.3,826.2,828.0,827.9,828.8,833.2,838.1,844.3,851.5,856.5,861.9,864.8,870.1,866.3,871.1,877.8,888.5,896.8,900.0,899.1,898.5,901.7,911.0,915.8,923.1,933.3,939.4,941.1,948.2,944.0,951.7,955.8,960.8,969.3,976.4,980.3,982.5,981.3,984.5,978.1,983.2,984.1,985.6,984.5,978.7,976.3,978.5,984.5,990.4,1000.6,1003.3,1008.6,1007.7,1018.0,1022.6,1033.4,1042.0,1051.1,1057.0,1064.6,1074.0,1079.4,1083.0,1086.3,1093.1,1102.4,1112.2,1115.0,1118.1,1123.5,1126.2,1129.3,1134.3,1135.1,1135.6,1136.2,1140.1,1137.3,1139.8,1131.8,1129.1,1133.1,1133.1,1131.2,1130.9,1130.3,1138.1,1137.4,1136.4,1140.0,1148.2
21,"        Other services",232.8,235.3,238.8,239.7,240.4,241.0,243.2,245.3,245.0,247.3,249.1,251.3,255.0,256.3,258.2,258.4,259.5,259.9,262.6,265.4,267.0,268.5,269.8,272.5,272.4,272.9,277.3,276.5,280.3,281.6,282.6,284.3,284.8,286.5,285.6,288.5,292.3,290.6,294.6,296.7,299.3,300.6,300.8,303.3,300.3,300.6,296.0,294.4,294.6,298.2,298.4,298.8,298.3,298.8,300.2,301.2,302.8,303.2,304.8,307.1,310.9,313.7,319.5,317.9,322.8,326.9,329.9,330.0,333.4,332.8,334.8,336.0,334.0,332.9,337.7,337.5,339.9,342.7,344.7,347.7,351.1,349.7,358.7,355.0,362.9,365.6,358.7,364.6,367.4,367.3,370.6,376.8,378.7,380.7,378.6,380.3,379.5,386.6,389.1,386.2,387.3,398.8,389.7,392.5,390.7,395.0,395.3,396.1,402.1,408.4,405.2,409.1,407.5,411.7,423.3,424.2,426.6,418.2,421.1,428.1,433.5,436.6,438.0,442.2,446.3,449.9,454.6,456.1,458.9,462.3,468.4,471.1,474.0,478.6,484.2,482.8,488.1,494.6,499.9,501.7,505.2,506.5,507.8,507.1,514.3,514.5,518.7,523.2,524.5,523.8,524.6,527.3,529.9,538.9,543.8,545.5,554.3,556.0,557.5,563.5,569.6,571.5,576.6,579.8,582.9,586.0,587.6,586.0,594.0,594.2,599.6,605.6,609.2,613.2,619.7,622.8,613.7,624.9,634.0,637.3,632.1,633.7,631.6,637.0,636.9,636.3,640.6,643.2,640.1,649.2,651.2,656.9,665.4,671.8,674.6,674.6,680.6,683.4,686.4,687.2,685.8,688.9,691.7,695.0,698.6,701.7,705.4,709.3,712.3,716.5,722.4,726.6,728.0,728.4,731.5,734.0,742.9,748.0,747.7,752.4,748.6,749.8,751.6,750.5,754.7,756.7,762.4,767.7,770.1,776.6,786.0,793.1,797.0,803.4,805.8,807.8,814.2,822.2,824.8,827.0,833.3,837.4,840.2,842.2,843.9,845.5,845.1,848.3,850.3,853.2,853.5,855.0,859.1,860.4,864.4,872.5,872.3,872.5,874.0,876.7,875.0,877.3,880.1,881.5,879.1,877.6,874.2,867.8,857.1,863.7,868.1,870.4,872.1,869.2,868.6,875.8,873.7,881.0,882.8,882.4,888.9,887.9,894.4,892.2,892.1,892.4,892.4,895.1,906.3,909.2,911.6,911.2,910.9,909.1,908.1,907.6,908.6,912.8,914.3,917.0,922.8,926.7,932.3,923.4,921.8,921.9,919.9,924.4,923.5,925.8,927.0,923.2,916.9,914.0,915.8,928.5,931.0,935.0,936.4,947.0,948.7,953.6,958.0,958.9,961.3,962.5,982.9,971.8,975.7,981.4,986.4,996.2,999.0,1011.4,1009.1,1005.7,1002.6,1000.0,1002.9,1016.4,1018.3,1018.0,1023.8,1024.0,1026.0,1033.7,1032.0,1033.1,1045.1,1052.7,1054.7,1057.9,1059.1,1062.1,1071.2,1074.4,1075.0,1073.3,1074.1,1087.6,1101.7,1104.2,1108.5,1105.4,1114.0,1112.4,1123.6,1115.5,1115.2,1124.0,1127.5,1133.5,1131.3,1137.1,1146.7,1165.8,1167.6,1178.7,1178.4,1177.5,1182.8,1192.8,1198.0,1199.5,1206.0,1207.2,1207.5,1205.2,1203.2,1215.7,1232.5,1239.8,1243.0,1239.1,1254.3,1280.1
22,"    Final consumption expenditures of nonprofit institutions serving households (NPISHs)1",54.1,54.6,54.3,54.2,54.8,55.2,55.9,56.5,56.9,56.6,57.7,57.6,59.7,60.7,60.6,61.4,62.8,62.9,64.0,64.2,65.3,66.3,65.8,65.8,66.2,65.1,65.7,67.6,67.1,67.7,69.0,68.7,69.4,70.3,69.7,70.0,70.2,71.4,72.6,73.7,74.6,75.7,77.0,78.1,79.2,79.1,79.4,79.1,78.5,78.5,78.7,79.1,79.4,80.0,80.3,80.7,80.9,81.1,81.9,82.4,83.2,84.8,85.6,86.6,87.0,87.6,88.5,89.8,90.4,90.8,90.7,90.3,89.2,88.6,88.7,88.9,89.2,89.5,89.9,90.6,90.9,91.3,91.6,92.2,93.1,93.8,94.5,95.3,96.3,97.4,98.6,99.5,100.3,101.1,101.8,101.5,100.5,100.2,100.7,101.3,101.7,102.2,102.3,102.7,103.2,103.7,104.4,105.1,106.7,108.2,109.4,109.7,110.5,111.6,112.4,111.9,111.3,111.0,110.1,107.8,105.7,104.2,103.6,103.4,103.4,103.8,104.2,105.1,106.2,107.6,109.2,110.8,113.0,115.0,117.0,119.2,121.3,123.1,125.2,127.3,128.9,130.5,132.1,133.0,133.0,132.9,133.8,135.2,136.2,137.1,138.2,139.5,141.0,142.6,143.8,145.4,147.2,149.2,151.7,152.5,154.0,156.3,158.2,160.1,163.1,165.7,168.5,169.9,171.6,172.2,173.7,175.6,178.0,179.6,180.8,181.8,182.9,183.5,184.1,185.2,187.1,189.4,191.8,193.9,195.9,198.3,200.4,202.6,203.8,204.7,206.1,206.0,205.7,204.3,204.8,204.4,205.0,205.6,206.0,205.7,205.7,206.3,206.4,206.1,206.7,206.9,207.4,207.3,207.7,208.1,207.9,206.5,204.9,204.5,204.7,203.8,202.3,200.9,202.7,205.9,207.6,208.0,207.6,209.0,212.4,218.5,222.6,225.8,229.1,231.9,234.7,237.4,239.7,241.7,243.4,244.0,243.3,241.0,241.3,242.8,245.7,245.9,245.7,242.9,241.9,242.9,245.8,248.6,252.0,255.5,258.4,260.1,264.0,268.4,274.4,278.2,283.1,287.5,290.3,293.7,297.8,302.6,304.8,302.8,296.8,291.9,288.6,285.2,283.3,282.6,283.9,285.6,288.5,293.0,295.0,295.8,295.7,295.7,296.5,297.5,297.8,296.9,295.5,294.2,291.7,289.7,290.0,292.0,296.2,298.2,301.6,303.6,308.4,314.7,323.1,326.2,324.6,317.6,314.4,313.7,319.1,324.8,331.9,338.0,341.4,342.5,339.9,340.9,346.0,355.7,360.6,357.6,347.3,341.3,341.7,346.0,349.1,350.2,349.8,349.4,349.4,349.1,348.3,347.0,346.2,346.5,348.6,351.6,353.5,354.3,354.0,354.5,355.9,357.6,358.8,357.6,354.1,350.9,351.9,353.7,356.3,359.4,363.2,367.3,371.5,377.2,379.8,380.1,380.9,380.7,380.0,376.3,377.1,382.4,390.1,395.5,398.0,398.0,399.9,400.3,400.9,401.0,401.2,401.7,400.7,397.8,394.1,391.6,390.6,391.1,392.3,393.9,398.5,403.8,408.3,412.9,415.4,416.1,414.3,418.6,427.5,443.3,449.9,442.6,417.6,401.2,399.2,408.3,415.4,421.2,424.2,425.8,425.3,424.4,424.5,425.3
23,"        Gross output of nonprofit institutions2",235.3,238.1,240.0,241.1,243.6,246.2,248.5,250.7,252.1,253.5,256.6,256.6,261.5,263.9,266.6,268.7,272.7,273.5,278.2,280.6,282.0,284.1,286.0,288.4,291.3,290.6,292.6,296.9,297.0,299.2,302.8,303.8,306.1,309.9,311.2,313.4,317.1,319.1,323.1,326.2,329.8,334.4,338.6,341.2,343.0,345.1,347.2,348.5,348.4,351.7,352.4,357.0,357.9,361.6,363.5,366.6,368.8,372.2,375.0,379.5,381.5,383.4,387.7,390.8,392.5,395.1,398.2,401.9,404.6,405.9,406.3,408.8,409.5,412.8,412.1,414.1,415.8,418.1,421.6,421.7,422.7,424.1,425.8,426.7,427.7,430.2,432.1,433.5,437.3,437.5,441.5,443.7,446.6,448.1,451.2,451.4,449.2,450.8,454.6,453.6,456.8,457.4,457.3,461.4,461.9,465.1,465.8,468.9,470.8,468.3,475.1,478.3,479.1,484.2,483.9,485.7,488.5,492.0,494.0,497.6,494.7,493.5,493.7,495.3,497.6,500.1,502.8,505.2,507.5,509.8,513.3,517.9,523.5,527.8,531.4,534.4,538.1,541.1,545.0,548.5,551.6,553.9,556.3,558.7,560.7,563.1,565.8,568.4,570.5,572.9,576.4,579.5,583.5,588.2,591.8,595.1,597.4,601.0,606.1,610.0,614.3,619.8,624.0,627.6,632.6,637.0,643.0,646.9,652.4,656.0,660.7,664.9,669.7,674.3,679.5,684.3,687.8,691.0,695.4,701.2,707.5,713.8,719.6,726.2,731.4,737.5,742.5,747.9,750.8,753.6,755.9,757.9,761.1,762.8,766.5,767.2,769.8,772.1,775.3,778.4,780.7,784.2,787.0,790.8,794.6,797.9,800.9,806.0,811.7,818.2,823.1,826.1,830.6,835.5,839.9,843.2,844.1,845.5,848.6,853.7,859.2,863.6,869.9,874.6,881.7,887.8,894.1,898.6,904.6,910.3,915.9,921.6,926.2,932.3,937.0,941.8,944.1,946.5,950.8,955.6,963.4,967.1,971.9,971.5,973.0,976.0,980.9,987.2,992.6,999.4,1004.7,1009.9,1017.5,1024.5,1031.8,1034.9,1040.8,1046.2,1051.9,1056.9,1062.0,1064.9,1067.3,1069.6,1069.5,1071.3,1073.0,1076.9,1080.9,1085.8,1091.1,1095.7,1099.4,1103.9,1105.8,1106.4,1107.6,1109.2,1113.2,1117.1,1122.5,1127.9,1135.1,1140.1,1140.9,1140.8,1142.5,1146.4,1150.6,1153.7,1159.1,1165.3,1173.0,1175.9,1178.4,1178.5,1181.1,1182.1,1188.3,1196.3,1211.8,1221.6,1226.3,1222.1,1222.3,1228.8,1239.3,1246.9,1251.7,1254.9,1257.1,1255.3,1252.8,1253.0,1258.4,1265.8,1269.9,1271.8,1271.2,1274.3,1280.7,1289.5,1293.9,1289.2,1279.1,1275.7,1281.8,1295.9,1307.3,1315.9,1321.4,1326.5,1333.3,1340.7,1349.7,1355.5,1358.9,1359.8,1363.0,1365.7,1369.7,1373.7,1376.8,1380.5,1385.3,1393.6,1398.5,1404.4,1411.1,1420.6,1429.2,1438.6,1445.9,1452.5,1457.2,1464.2,1472.2,1479.7,1488.2,1493.2,1497.6,1497.0,1493.8,1489.0,1487.1,1490.0,1497.0,1503.4,1509.9,1513.7,1517.4,1518.2,1523.4,1532.3,1545.3,1558.9,1571.6,1583.5,1593.8,1600.7,1600.4,1599.8,1603.2,1607.6,1608.5,1610.4,1618.1,1623.3,1625.8,1630.6,1639.0,1648.2,1652.5,1657.7,1662.2,1665.8
24,"        Less: Receipts from sales of goods and services by nonprofit institutions3",181.3,183.5,185.7,186.9,188.8,191.0,192.6,194.2,195.2,197.0,198.9,199.0,201.8,203.1,206.1,207.3,209.8,210.6,214.2,216.4,216.7,217.9,220.2,222.6,225.2,225.5,226.8,229.3,229.9,231.5,233.8,235.1,236.7,239.6,241.5,243.4,246.9,247.7,250.5,252.5,255.2,258.6,261.6,263.0,263.8,266.0,267.8,269.4,269.9,273.2,273.7,277.9,278.4,281.6,283.3,285.9,287.9,291.1,293.1,297.1,298.3,298.6,302.1,304.1,305.6,307.4,309.8,312.1,314.2,315.1,315.6,318.5,320.2,324.2,323.4,325.2,326.6,328.6,331.6,331.2,331.7,332.8,334.1,334.4,334.7,336.4,337.6,338.2,341.0,340.1,342.9,344.2,346.4,347.0,349.4,349.9,348.7,350.5,353.9,352.3,355.0,355.2,355.0,358.7,358.7,361.4,361.4,363.8,364.1,360.1,365.8,368.6,368.6,372.6,371.6,373.8,377.2,381.0,383.9,389.8,389.0,389.2,390.1,391.9,394.3,396.3,398.6,400.1,401.3,402.2,404.2,407.1,410.5,412.8,414.4,415.3,416.7,418.0,419.9,421.2,422.7,423.3,424.2,425.6,427.7,430.2,432.0,433.1,434.3,435.8,438.3,440.0,442.5,445.5,447.9,449.7,450.1,451.8,454.4,457.5,460.3,463.5,465.7,467.5,469.5,471.3,474.5,477.0,480.8,483.8,487.0,489.3,491.7,494.7,498.7,502.5,504.9,507.5,511.3,516.1,520.4,524.4,527.8,532.3,535.5,539.2,542.1,545.3,546.9,548.8,549.9,551.9,555.4,558.5,561.7,562.7,564.8,566.5,569.2,572.6,575.0,577.9,580.7,584.7,588.0,591.1,593.5,598.7,604.0,610.1,615.2,619.5,625.7,631.0,635.2,639.4,641.8,644.6,646.0,647.8,651.6,655.7,662.4,665.6,669.3,669.2,671.5,672.8,675.5,678.4,681.2,684.2,686.5,690.7,693.6,697.8,700.9,705.5,709.5,712.9,717.7,721.2,726.2,728.6,731.1,733.1,735.2,738.6,740.6,743.9,746.2,749.8,753.5,756.1,757.4,756.7,757.7,758.7,761.6,763.3,764.2,762.3,762.5,766.8,772.7,779.3,784.4,791.6,797.6,803.2,807.2,810.2,810.9,810.9,810.8,810.6,811.9,813.4,816.8,819.7,824.7,831.0,839.5,845.9,849.2,851.1,852.4,854.3,854.4,855.5,857.6,861.7,864.6,861.2,855.3,852.3,856.5,864.5,873.8,882.7,892.7,896.8,894.4,884.1,880.9,886.3,899.4,906.0,905.7,899.1,896.5,897.7,905.5,911.7,916.7,919.8,920.8,921.6,921.3,924.9,931.3,940.5,945.7,942.2,932.9,929.3,933.2,944.3,953.8,961.6,967.4,972.0,977.5,983.1,990.9,997.9,1004.8,1008.9,1011.1,1012.0,1013.5,1014.3,1013.6,1013.2,1013.9,1016.4,1018.7,1024.4,1030.2,1039.9,1049.2,1062.2,1068.8,1070.0,1067.0,1068.7,1074.3,1081.6,1088.3,1092.9,1096.7,1095.9,1092.6,1087.3,1086.4,1092.3,1102.9,1111.8,1119.3,1122.5,1125.2,1124.4,1124.9,1128.5,1137.1,1146.0,1156.2,1167.4,1179.5,1182.0,1172.9,1156.6,1153.3,1165.0,1190.9,1209.2,1218.9,1214.9,1210.4,1209.5,1214.8,1222.4,1227.3,1233.4,1237.8,1240.5
,Addenda:,,,,,,,,,,,,,,,,,,,,,,,,,,,,,,,,,,,,,,,,,,,,,,,,,,,,,,,,,,,,,,,,,,,,,,,,,,,,,,,,,,,,,,,,,,,,,,,,,,,,,,,,,,,,,,,,,,,,,,,,,,,,,,,,,,,,,,,,,,,,,,,,,,,,,,,,,,,,,,,,,,,,,,,,,,,,,,,,,,,,,,,,,,,,,,,,,,,,,,,,,,,,,,,,,,,,,,,,,,,,,,,,,,,,,,,,,,,,,,,,,,,,,,,,,,,,,,,,,,,,,,,,,,,,,,,,,,,,,,,,,,,,,,,,,,,,,,,,,,,,,,,,,,,,,,,,,,,,,,,,,,,,,,,,,,,,,,,,,,,,,,,,,,,,,,,,,,,,,,,,,,,,,,,,,,,,,,,,,,,,,,,,,,,,,,,,,,,,
25,"    PCE excluding food and energy4",2442.6,2499.6,2509.2,2532.1,2537.2,2560.0,2581.6,2614.9,2614.8,2616.3,2631.9,2659.2,2689.8,2701.5,2731.5,2735.4,2762.2,2781.5,2800.6,2819.5,2835.7,2863.3,2882.6,2914.0,2938.9,2918.7,2936.7,2972.4,2974.4,2992.6,3011.9,3044.4,3043.9,3053.6,3060.1,3077.0,3149.4,3131.0,3154.6,3168.3,3174.7,3197.3,3215.4,3223.9,3233.8,3232.8,3233.3,3223.6,3205.9,3247.6,3286.5,3282.3,3290.0,3306.5,3332.1,3339.9,3355.1,3353.0,3372.4,3401.8,3458.5,3482.5,3485.9,3496.7,3526.6,3546.7,3568.3,3587.3,3611.0,3641.0,3647.8,3688.4,3707.5,3696.8,3698.5,3745.8,3773.9,3787.2,3815.7,3823.4,3848.7,3867.5,3892.6,3901.4,3914.5,3959.4,3979.8,4002.5,3998.1,4021.9,4043.2,4074.3,4090.0,4126.7,4144.6,4154.7,4162.1,4158.4,4203.2,4199.5,4235.2,4278.5,4269.6,4300.7,4328.3,4323.8,4355.9,4390.8,4372.3,4414.9,4445.8,4474.2,4487.9,4497.4,4524.8,4541.9,4570.6,4589.1,4605.8,4631.7,4658.7,4680.4,4708.1,4709.0,4722.6,4758.7,4803.7,4842.7,4849.5,4874.7,4906.9,4938.5,4954.4,4985.2,5008.9,5053.3,5092.2,5116.0,5138.8,5175.1,5214.8,5254.6,5273.5,5321.7,5320.9,5351.0,5373.3,5420.0,5452.1,5477.5,5492.8,5531.8,5576.4,5601.3,5650.4,5702.8,5733.3,5799.9,5845.4,5835.4,5860.8,5873.3,5899.4,5935.3,6004.5,6010.1,6022.4,6033.9,6080.0,6099.2,6097.0,6108.1,6138.5,6168.3,6187.1,6237.0,6106.4,6327.9,6326.4,6310.7,6340.9,6375.7,6372.1,6433.9,6397.5,6433.0,6488.8,6517.3,6495.6,6519.4,6546.3,6603.8,6599.7,6588.6,6653.2,6679.6,6725.3,6775.2,6815.8,6881.9,6877.5,6897.3,6948.6,6970.0,7000.5,7034.7,7099.0,7100.7,7154.6,7128.7,7209.4,7241.7,7297.3,7331.3,7361.9,7422.5,7421.9,7479.4,7498.8,7569.3,7569.5,7646.5,7716.0,7678.4,7675.0,7713.1,7763.7,7794.8,7899.5,7895.1,7937.5,7977.5,7998.5,8032.1,8065.9,8072.2,8144.1,8180.6,8203.9,8272.5,8306.6,8309.4,8357.7,8354.4,8407.1,8416.5,8451.2,8503.1,8534.3,8583.2,8605.2,8613.9,8640.5,8620.0,8647.3,8683.5,8723.3,8730.7,8717.0,8735.6,8689.4,8637.7,8596.1,8574.6,8602.3,8583.3,8533.1,8542.4,8557.2,8573.4,8617.6,8708.4,8628.9,8659.0,8679.2,8707.9,8716.1,8750.8,8837.1,8863.1,8883.7,8909.0,8936.5,8967.2,8983.5,9029.2,9054.0,9053.1,9103.6,9136.1,9181.7,9195.7,9212.7,9236.3,9258.0,9283.1,9312.4,9329.9,9341.2,9369.2,9450.7,9514.0,9533.2,9532.3,9530.0,9534.4,9554.9,9568.2,9611.0,9622.8,9688.9,9719.0,9758.4,9758.6,9758.2,9785.2,9826.5,9848.5,9877.2,9903.6,9935.2,9986.4,10030.5,10046.9,10003.0,10072.0,10159.2,10196.1,10249.3,10309.1,10355.0,10425.9,10445.7,10511.4,10536.3,10589.1,10594.5,10606.7,10674.7,10731.1,10779.7,10798.3,10853.3,10887.2,10905.4,10928.4,10964.3,11009.0,11033.4,11126.0,11107.5,11149.1,11176.0,11232.4,11272.2,11299.3,11353.9,11371.6,11400.2,11471.5,11549.0,11571.1,11597.4,11619.8,11632.6,11684.5,11731.8,11746.9,11818.1,11858.5,11937.2,12016.6,12049.6,12116.9,12141.3,12178.6,12254.6,12277.8,12324.6,12353.2,12352.9,12399.3,12479.8,12407.6,12447.7,12477.1,12574.5,12602.3,12672.8,12739.1,12803.6,12868.0,12910.3,12932.3,13010.4,13086.6
26,"    PCE excluding food, energy, and housing4",1996.0,2050.3,2057.9,2078.4,2081.0,2102.3,2121.5,2149.6,2146.1,2142.7,2155.9,2179.8,2207.2,2216.5,2244.4,2246.3,2270.1,2286.7,2302.9,2317.9,2330.3,2355.3,2371.2,2400.7,2423.3,2401.0,2416.3,2449.4,2448.1,2464.0,2480.2,2509.6,2506.1,2511.7,2514.7,2528.0,2597.2,2577.3,2595.3,2606.0,2609.8,2626.9,2641.2,2645.2,2653.0,2650.5,2650.2,2638.3,2618.1,2657.3,2694.6,2687.7,2693.1,2707.2,2730.1,2735.6,2747.1,2742.1,2758.1,2784.3,2838.1,2860.1,2859.1,2868.4,2896.1,2913.3,2932.2,2949.3,2972.4,2997.7,3001.2,3039.4,3055.4,3042.7,3042.5,3086.3,3112.1,3122.4,3148.8,3153.2,3175.8,3191.7,3213.5,3218.0,3226.7,3265.9,3282.1,3302.3,3294.3,3315.3,3333.4,3359.1,3370.4,3403.7,3417.7,3425.1,3427.3,3420.0,3460.6,3452.7,3484.1,3523.4,3511.2,3538.9,3563.0,3554.4,3583.0,3614.5,3593.0,3633.1,3660.8,3686.3,3697.1,3703.9,3727.7,3741.8,3767.8,3782.9,3796.8,3820.0,3842.9,3860.4,3884.1,3880.6,3890.1,3922.2,3962.5,3997.0,3999.5,4020.7,4047.9,4075.2,4086.4,4112.9,4131.7,4171.5,4205.6,4224.4,4242.2,4273.5,4308.4,4342.9,4357.4,4401.4,4396.0,4422.4,4440.2,4482.4,4510.0,4531.3,4542.3,4576.8,4616.9,4637.8,4681.5,4729.8,4753.1,4814.7,4855.1,4840.2,4860.1,4866.6,4887.2,4917.1,4980.0,4979.0,4985.0,4989.6,5028.7,5041.1,5031.4,5035.9,5059.3,5082.5,5096.8,5141.2,5006.2,5223.0,5217.0,5197.4,5225.7,5258.7,5252.7,5312.1,5273.9,5306.6,5359.4,5385.4,5359.6,5379.8,5402.7,5456.1,5446.8,5432.4,5493.4,5517.0,5559.1,5606.8,5641.9,5703.1,5693.0,5707.2,5752.7,5769.9,5795.3,5824.5,5883.6,5879.6,5929.3,5899.2,5969.9,5992.0,6038.9,6064.7,6087.7,6140.1,6130.9,6179.5,6190.8,6253.2,6244.0,6312.4,6378.9,6338.9,6331.9,6366.5,6412.5,6439.3,6538.2,6527.8,6563.5,6596.6,6609.7,6635.1,6661.8,6661.3,6726.8,6756.1,6773.2,6835.3,6863.6,6859.8,6901.7,6892.9,6940.2,6943.0,6970.3,7013.6,7035.7,7075.1,7086.0,7084.1,7100.4,7071.0,7089.9,7118.1,7152.1,7152.4,7133.4,7147.4,7096.4,7041.8,6996.7,6975.1,7001.7,6982.3,6930.0,6937.8,6950.3,6965.9,7008.5,7095.9,7015.1,7042.6,7060.4,7084.9,7088.9,7119.1,7201.8,7223.5,7239.3,7259.6,7284.2,7313.1,7326.6,7370.2,7391.8,7388.3,7436.1,7465.5,7508.8,7520.8,7535.3,7555.8,7573.9,7595.2,7622.1,7636.0,7644.7,7669.5,7747.9,7808.7,7824.2,7819.1,7814.0,7815.9,7832.6,7841.4,7879.3,7885.9,7947.8,7973.5,8007.0,8001.1,7995.5,8017.4,8053.8,8071.4,8096.3,8117.2,8145.2,8192.7,8232.8,8245.0,8198.5,8264.7,8348.1,8381.6,8431.3,8487.8,8530.2,8597.9,8613.9,8675.9,8696.3,8745.7,8746.2,8753.1,8816.0,8866.9,8910.6,8922.4,8971.2,8999.7,9011.5,9028.7,9059.3,9097.9,9115.4,9201.6,9177.4,9212.6,9232.4,9282.4,9315.8,9336.9,9384.3,9395.6,9417.6,9483.4,9556.4,9573.5,9595.3,9613.3,9620.8,9666.1,9707.8,9715.6,9780.7,9813.6,9885.3,9956.0,9981.3,10042.8,10059.2,10088.1,10156.9,10173.5,10212.5,10233.2,10226.8,10266.0,10338.3,10259.8,10291.6,10311.6,10398.7,10415.6,10477.1,10532.8,10587.8,10642.5,10674.2,10687.5,10755.1,10820.7
27,"    Energy goods and services5",172.7,178.8,181.9,182.8,187.9,188.0,189.3,189.4,186.3,192.4,186.7,187.9,194.8,188.6,190.5,189.7,190.5,196.2,197.3,199.7,191.7,200.5,195.3,194.1,188.0,211.5,203.4,211.5,214.1,210.4,208.3,209.2,207.1,209.7,209.7,229.1,203.0,214.6,212.3,214.0,212.5,213.4,213.7,229.5,236.4,243.5,239.9,242.7,237.0,221.2,220.8,221.8,234.2,227.0,227.7,223.4,226.5,221.6,228.7,222.9,220.9,214.5,230.8,231.9,229.6,228.8,232.4,228.0,239.4,234.9,245.0,240.4,227.5,248.3,245.2,238.2,235.3,241.2,239.4,245.1,246.0,247.6,241.6,248.0,249.4,248.8,240.0,239.8,242.8,253.9,246.0,252.3,246.8,247.8,242.1,246.9,245.8,253.3,242.0,250.5,254.4,255.4,257.8,261.0,247.2,244.8,253.4,254.6,261.6,265.4,271.7,274.3,277.1,270.3,263.5,268.9,261.0,270.8,275.7,275.9,280.7,280.1,270.8,277.5,267.0,263.8,269.1,268.4,275.0,285.6,275.1,277.8,257.8,260.2,260.8,252.6,261.7,268.5,262.6,260.4,259.1,251.2,246.2,248.2,250.7,242.9,253.7,269.5,267.6,271.8,281.1,283.2,287.6,291.0,274.9,294.2,290.9,298.8,306.1,307.6,312.3,330.7,326.2,323.3,337.4,332.8,336.8,362.7,350.6,346.7,344.8,334.1,349.4,338.0,331.1,318.4,331.6,315.4,287.3,283.6,274.5,278.3,297.5,307.2,318.1,315.6,321.8,321.1,322.4,338.7,334.5,332.8,354.8,370.6,367.8,363.2,336.8,328.7,340.2,362.6,367.4,360.1,360.9,368.2,385.7,388.6,376.4,381.1,393.3,399.7,396.1,395.2,403.8,422.7,435.9,431.6,422.5,424.3,442.8,444.9,440.2,440.2,471.5,500.9,549.9,544.4,500.3,501.9,487.2,509.0,505.7,521.2,536.1,530.6,578.1,566.6,529.1,500.6,483.9,496.1,509.5,531.0,525.6,561.7,547.1,554.0,558.8,557.6,568.6,554.3,598.7,601.7,598.9,605.9,628.8,619.0,637.8,683.1,692.0,663.2,654.2,623.3,514.0,455.9,465.6,470.4,470.3,459.6,461.9,508.7,498.8,525.7,524.9,542.4,534.0,564.4,562.7,551.1,534.3,533.5,543.5,541.6,550.7,554.4,554.0,568.2,582.0,621.6,607.3,596.7,628.8,637.7,646.0,638.0,651.5,641.5,644.8,643.2,634.6,622.0,609.4,635.3,617.9,641.2,631.2,609.9,613.9,642.0,646.1,661.5,637.3,609.0,637.0,666.3,669.2,636.9,629.6,629.7,623.2,629.6,633.4,633.8,651.1,657.4,684.5,671.1,667.6,666.4,654.1,641.5,636.2,640.6,626.7,629.1,621.4,577.3,538.9,574.2,563.5,543.3,559.5,569.5,566.7,564.1,531.1,523.4,508.7,489.8,491.1,466.7,474.7,497.5,508.5,525.6,515.0,516.6,519.2,514.7,513.2,551.2,525.1,524.6,543.3,546.1,538.1,532.9,524.1,534.0,576.4,566.2,577.6,610.3,612.1,580.3,609.3,622.2,605.0,616.5,608.6,619.9,619.5,633.5,621.9,595.7,568.8,584.8,604.4,614.7,603.2,584.0,595.3,592.7,589.9,593.3,605.8,589.9
28,"    PCE services excluding energy and housing",1220.7,1234.1,1242.2,1250.6,1255.7,1261.9,1272.6,1282.4,1288.1,1300.5,1308.6,1316.5,1333.5,1343.9,1358.6,1366.9,1380.6,1393.9,1410.7,1426.2,1434.6,1444.4,1454.7,1465.9,1481.1,1481.8,1494.6,1501.9,1511.2,1519.8,1528.4,1533.9,1543.2,1555.7,1558.1,1566.8,1588.3,1597.3,1613.7,1626.1,1638.4,1651.8,1662.3,1674.9,1675.7,1683.7,1684.6,1682.9,1683.4,1701.1,1703.9,1716.6,1722.5,1735.5,1745.6,1754.5,1761.1,1770.4,1779.2,1801.3,1828.6,1840.0,1855.6,1860.9,1872.9,1878.5,1899.7,1907.6,1922.3,1937.5,1952.0,1966.1,1970.7,1977.5,1982.4,1997.5,2010.1,2024.2,2036.2,2050.0,2062.5,2068.1,2080.6,2078.7,2087.5,2108.1,2116.1,2123.0,2134.3,2139.1,2153.6,2162.6,2172.5,2183.7,2192.3,2200.9,2207.9,2221.1,2240.6,2245.2,2260.3,2277.7,2274.6,2291.2,2297.8,2310.2,2317.4,2328.5,2336.4,2348.6,2366.4,2376.9,2386.7,2399.9,2419.2,2422.1,2441.6,2446.0,2456.3,2478.7,2489.7,2502.6,2512.4,2525.1,2539.5,2553.7,2574.8,2589.5,2602.9,2617.2,2622.5,2644.4,2662.5,2680.9,2699.7,2712.2,2725.1,2745.3,2760.9,2776.8,2792.8,2803.0,2811.0,2824.4,2835.9,2843.8,2856.8,2881.4,2890.2,2898.8,2918.4,2935.6,2961.3,2988.8,3020.6,3036.0,3064.3,3097.7,3126.6,3127.6,3137.4,3157.1,3175.4,3189.4,3214.0,3227.2,3236.7,3237.2,3277.2,3269.4,3282.0,3292.7,3302.7,3313.3,3324.4,3346.5,3266.4,3334.1,3362.7,3385.8,3390.2,3408.8,3413.3,3440.2,3451.4,3465.2,3487.8,3498.7,3507.1,3531.2,3543.3,3565.3,3579.6,3591.4,3616.4,3620.9,3661.3,3682.7,3700.4,3719.8,3728.5,3751.0,3766.9,3785.1,3811.0,3829.1,3851.7,3868.7,3883.1,3906.4,3937.8,3953.8,3974.3,3994.0,4015.3,4039.3,4052.9,4080.4,4092.8,4120.8,4131.0,4153.9,4175.2,4192.4,4216.8,4237.5,4269.3,4284.7,4322.7,4333.2,4362.5,4391.2,4412.1,4429.4,4437.0,4457.8,4487.5,4511.5,4536.8,4566.5,4588.4,4600.2,4624.5,4624.9,4647.8,4668.2,4689.5,4722.4,4736.8,4768.8,4781.1,4803.4,4828.1,4824.9,4848.2,4869.4,4891.9,4906.3,4913.7,4917.2,4925.0,4922.4,4898.7,4892.5,4883.1,4873.2,4851.4,4853.1,4845.4,4860.8,4880.0,4893.8,4900.9,4917.8,4929.2,4946.0,4957.9,4985.8,5010.5,5035.2,5061.7,5070.2,5095.8,5110.9,5117.5,5134.3,5146.9,5149.0,5173.0,5205.5,5230.2,5243.3,5268.2,5280.0,5298.4,5319.2,5324.9,5321.8,5333.1,5348.6,5398.7,5432.9,5457.8,5457.5,5459.2,5470.3,5472.3,5481.6,5500.3,5522.8,5546.2,5555.5,5554.2,5555.7,5567.7,5591.3,5613.0,5631.9,5642.9,5671.5,5689.0,5725.8,5757.2,5774.8,5755.8,5772.8,5819.3,5838.9,5877.3,5913.7,5952.6,6001.0,6015.2,6064.5,6068.4,6109.5,6113.5,6115.7,6142.4,6186.7,6215.9,6231.6,6262.0,6280.7,6292.9,6320.1,6327.7,6362.3,6385.3,6431.1,6433.7,6460.3,6476.4,6495.0,6528.6,6545.1,6585.9,6594.9,6640.5,6661.1,6730.3,6744.3,6767.5,6767.2,6783.7,6801.9,6835.9,6849.3,6870.1,6897.0,6931.7,6972.0,6999.8,7041.9,7080.8,7100.7,7133.7,7180.3,7205.1,7224.9,7226.8,7255.5,7267.1,7283.9,7284.5,7297.6,7340.3,7366.1,7384.2,7424.2,7463.8,7511.5,7535.8,7562.4,7602.7,7657.3
29,"    Housing",446.6,449.3,451.4,453.7,456.2,457.7,460.1,465.2,468.7,473.6,476.0,479.4,482.6,485.0,487.0,489.2,492.1,494.8,497.8,501.6,505.4,508.0,511.4,513.3,515.6,517.7,520.4,523.0,526.3,528.7,531.7,534.9,537.8,541.9,545.4,549.0,552.2,553.7,559.3,562.3,564.9,570.5,574.2,578.7,580.9,582.3,583.2,585.3,587.9,590.3,591.9,594.6,596.9,599.3,602.0,604.3,608.0,610.9,614.4,617.5,620.4,622.4,626.8,628.3,630.5,633.3,636.1,638.0,638.6,643.3,646.6,649.1,652.0,654.1,656.0,659.5,661.8,664.8,666.9,670.2,672.9,675.8,679.1,683.5,687.8,693.5,697.7,700.2,703.7,706.6,709.8,715.2,719.6,723.0,726.9,729.5,734.8,738.4,742.7,746.8,751.1,755.0,758.4,761.8,765.3,769.4,772.9,776.3,779.3,781.8,785.0,787.8,790.8,793.5,797.2,800.1,802.8,806.1,809.0,811.7,815.8,820.0,824.0,828.4,832.5,836.5,841.2,845.7,850.0,854.0,859.0,863.3,868.0,872.2,877.2,881.8,886.6,891.6,896.6,901.5,906.4,911.6,916.1,920.3,924.8,928.7,933.1,937.6,942.1,946.2,950.6,955.0,959.6,963.5,968.9,973.0,980.2,985.2,990.3,995.1,1000.6,1006.7,1012.1,1018.1,1024.5,1031.1,1037.4,1044.3,1051.3,1058.1,1065.6,1072.2,1079.1,1085.8,1090.3,1095.8,1100.2,1105.0,1109.4,1113.3,1115.2,1117.1,1119.4,1121.8,1123.6,1126.3,1129.5,1131.9,1136.0,1139.5,1143.6,1147.7,1152.9,1156.2,1159.8,1162.6,1166.2,1168.4,1173.9,1178.8,1184.5,1190.2,1195.9,1200.1,1205.2,1210.2,1215.3,1221.2,1225.3,1229.5,1239.5,1249.7,1258.4,1266.6,1274.2,1282.4,1291.0,1299.9,1308.0,1316.1,1325.4,1334.1,1337.1,1339.6,1343.1,1346.6,1351.3,1355.5,1361.3,1367.3,1374.0,1381.0,1388.8,1397.0,1404.1,1410.9,1417.4,1424.5,1430.7,1437.2,1443.0,1449.6,1455.9,1461.5,1466.8,1473.5,1480.9,1489.4,1498.6,1508.2,1519.2,1529.8,1540.0,1548.9,1557.4,1565.4,1571.2,1578.3,1583.7,1588.2,1593.0,1595.9,1599.5,1599.5,1600.7,1601.0,1603.0,1604.6,1606.9,1607.5,1609.1,1612.5,1613.7,1616.5,1618.8,1623.0,1627.2,1631.6,1635.3,1639.6,1644.4,1649.5,1652.3,1654.1,1656.8,1659.0,1662.2,1664.8,1667.6,1670.6,1672.9,1674.9,1677.4,1680.5,1684.1,1687.9,1690.3,1693.8,1696.5,1699.7,1702.7,1705.4,1709.0,1713.2,1716.0,1718.5,1722.3,1726.8,1731.7,1736.9,1741.1,1745.5,1751.4,1757.4,1762.7,1767.8,1772.7,1777.1,1780.9,1786.4,1790.0,1793.7,1797.7,1801.8,1804.5,1807.3,1811.1,1814.5,1818.0,1821.3,1824.8,1828.0,1831.7,1835.5,1839.9,1843.3,1848.3,1853.6,1858.7,1864.2,1869.1,1875.9,1882.1,1887.5,1894.0,1899.6,1905.0,1911.1,1918.0,1924.4,1930.1,1936.5,1943.6,1950.0,1956.4,1962.4,1969.7,1976.0,1982.6,1988.1,1992.6,1997.6,2002.0,2006.5,2011.8,2018.5,2024.0,2031.3,2037.5,2044.9,2051.8,2060.6,2068.3,2074.1,2082.1,2090.5,2097.7,2104.3,2112.1,2120.0,2126.0,2133.3,2141.6,2147.8,2156.0,2165.5,2175.8,2186.7,2195.7,2206.4,2215.9,2225.5,2236.1,2244.8,2255.3,2265.9
30,"    Market-based PCE6",2649.1,2712.5,2724.8,2746.7,2756.0,2781.3,2801.7,2835.5,2831.6,2837.6,2845.8,2876.2,2907.6,2912.6,2952.8,2953.3,2980.7,3004.1,3021.4,3045.1,3049.2,3086.7,3103.0,3130.2,3148.8,3154.0,3164.2,3203.4,3213.5,3226.6,3245.3,3280.1,3280.5,3291.6,3302.2,3340.7,3383.0,3379.7,3405.5,3418.7,3423.0,3448.5,3465.1,3489.1,3509.0,3510.3,3512.1,3502.1,3479.6,3498.6,3544.2,3539.4,3566.5,3571.2,3594.1,3594.0,3609.1,3601.4,3627.1,3639.8,3701.6,3711.2,3723.6,3737.9,3758.4,3773.9,3798.3,3814.0,3843.0,3870.6,3882.2,3912.9,3912.9,3928.8,3920.6,3955.7,3981.3,3993.9,4018.5,4025.0,4052.6,4072.3,4083.3,4102.9,4107.4,4151.1,4169.3,4187.7,4184.5,4225.3,4233.6,4271.3,4282.0,4313.7,4327.0,4340.7,4349.9,4344.5,4373.4,4381.3,4421.5,4454.1,4457.1,4489.2,4505.9,4494.6,4532.9,4574.5,4553.4,4591.6,4633.7,4666.4,4685.1,4683.8,4693.7,4716.0,4732.2,4774.0,4796.3,4819.0,4844.4,4861.7,4882.0,4881.5,4878.7,4911.5,4961.4,4994.2,5006.9,5036.4,5052.3,5079.2,5073.2,5102.4,5120.5,5155.2,5200.0,5227.3,5237.2,5269.8,5306.0,5335.4,5349.0,5403.9,5405.3,5432.4,5461.6,5518.6,5547.9,5573.3,5595.2,5633.4,5680.3,5697.4,5726.1,5814.2,5801.9,5875.7,5928.7,5921.9,5948.0,5978.9,5994.8,6023.8,6102.0,6105.2,6119.2,6166.1,6188.0,6206.6,6197.1,6199.8,6243.0,6259.7,6266.4,6303.6,6243.0,6398.4,6357.8,6336.1,6358.6,6395.6,6413.5,6471.6,6448.2,6482.6,6539.9,6562.7,6540.5,6570.5,6596.0,6643.0,6657.4,6665.2,6721.2,6743.0,6750.5,6794.7,6847.5,6942.7,6943.8,6951.7,7001.2,7025.3,7073.3,7100.2,7151.8,7157.7,7220.7,7197.4,7267.5,7294.7,7359.8,7409.7,7450.3,7506.2,7494.6,7545.2,7581.9,7655.4,7646.1,7720.3,7815.3,7806.7,7853.6,7880.2,7876.7,7905.9,7982.5,8002.9,8027.6,8076.1,8109.9,8133.9,8216.2,8210.4,8239.0,8253.2,8251.5,8337.2,8384.1,8411.8,8453.3,8485.7,8520.8,8535.9,8569.6,8611.3,8651.3,8683.1,8757.2,8769.7,8787.6,8770.5,8817.2,8842.4,8903.8,8954.5,8952.3,8940.3,8882.8,8799.4,8660.2,8585.8,8644.1,8635.9,8597.6,8606.1,8637.7,8693.7,8726.3,8844.1,8763.4,8805.2,8804.1,8865.1,8865.5,8885.2,8940.3,8960.4,8980.0,9001.9,9028.3,9067.5,9085.1,9133.9,9178.2,9214.6,9245.6,9266.9,9337.0,9367.4,9381.3,9394.0,9419.4,9435.2,9469.1,9497.3,9499.8,9504.6,9562.0,9641.2,9640.9,9676.0,9666.9,9642.4,9664.3,9695.3,9743.2,9770.3,9806.0,9807.7,9887.6,9921.3,9921.6,9895.6,9933.1,9958.4,9985.9,10008.5,10046.3,10083.3,10134.5,10168.0,10162.6,10211.0,10271.9,10316.3,10347.8,10391.7,10426.8,10491.9,10500.4,10558.0,10577.4,10580.1,10550.6,10598.6,10651.9,10665.0,10726.5,10762.5,10807.0,10836.2,10820.1,10812.4,10833.1,10861.9,10885.3,10953.5,10949.2,11016.6,11058.3,11123.7,11123.1,11148.5,11197.9,11219.9,11245.9,11334.3,11368.5,11388.7,11426.0,11459.3,11447.0,11495.4,11509.8,11548.3,11665.5,11691.3,11776.3,11883.5,11913.3,11934.4,11975.2,12006.5,12066.8,12079.9,12123.3,12157.9,12147.9,12191.5,12261.2,12154.0,12219.2,12271.4,12394.3,12433.6,12498.9,12544.0,12625.1,12683.0,12722.2,12762.0,12842.0,12873.6
31,"    Market-based PCE excluding food and energy6",2157.0,2211.2,2221.5,2240.7,2245.5,2269.3,2289.3,2320.3,2320.7,2320.1,2334.3,2362.1,2384.4,2393.4,2424.5,2426.5,2449.9,2467.9,2480.0,2497.4,2510.7,2537.1,2556.1,2585.2,2604.7,2585.5,2602.9,2633.5,2636.8,2653.4,2672.2,2704.6,2703.2,2712.3,2719.6,2734.2,2802.3,2783.1,2805.9,2817.6,2822.6,2842.0,2859.4,2865.3,2873.4,2873.2,2874.2,2865.0,2845.1,2880.2,2918.4,2915.3,2923.9,2937.8,2960.7,2965.4,2980.1,2979.0,2996.6,3021.8,3076.1,3094.7,3093.0,3103.7,3127.2,3144.1,3162.3,3181.1,3199.3,3227.4,3230.0,3265.5,3280.2,3270.8,3267.2,3308.6,3333.4,3341.6,3365.8,3367.8,3390.2,3407.5,3422.3,3433.8,3437.3,3478.4,3503.7,3519.7,3513.6,3538.9,3556.7,3583.4,3597.4,3628.0,3646.5,3654.2,3661.3,3652.6,3691.8,3691.1,3724.0,3755.5,3757.0,3785.1,3814.2,3805.0,3833.7,3868.2,3840.4,3874.1,3906.8,3933.0,3949.7,3951.9,3967.1,3983.4,4006.6,4035.0,4051.4,4072.5,4092.5,4108.6,4136.3,4131.5,4141.4,4176.4,4216.6,4250.2,4255.2,4273.8,4298.5,4326.0,4338.1,4364.1,4379.5,4420.8,4454.6,4472.0,4486.4,4520.2,4555.6,4591.5,4607.6,4655.4,4652.6,4684.6,4702.3,4739.5,4768.2,4790.9,4800.9,4833.7,4870.6,4887.6,4928.2,4976.3,4992.7,5050.6,5087.8,5078.6,5099.4,5105.5,5126.0,5156.5,5218.2,5221.8,5232.0,5248.1,5280.9,5304.3,5297.7,5304.0,5328.9,5358.5,5371.5,5419.1,5342.7,5513.7,5502.1,5480.3,5515.1,5546.4,5542.5,5593.2,5557.1,5593.3,5641.7,5667.7,5644.9,5655.0,5678.7,5727.2,5716.1,5705.5,5763.1,5788.3,5825.8,5870.6,5906.6,5972.8,5967.9,5982.0,6027.5,6045.2,6067.0,6094.9,6152.3,6151.5,6199.1,6168.8,6240.3,6265.2,6316.0,6344.2,6368.1,6424.8,6419.2,6465.9,6482.6,6546.7,6544.3,6613.8,6677.9,6635.4,6628.6,6655.2,6694.6,6720.0,6810.7,6802.5,6832.6,6862.5,6877.2,6906.8,6938.8,6940.9,7008.3,7040.7,7055.6,7121.9,7152.4,7155.6,7199.7,7196.9,7242.4,7246.0,7270.0,7315.8,7340.9,7384.0,7406.8,7411.2,7432.0,7409.2,7429.6,7456.1,7495.2,7498.6,7484.7,7500.5,7456.1,7403.4,7371.5,7359.3,7399.5,7395.1,7357.8,7376.3,7403.6,7415.0,7458.0,7548.7,7464.8,7487.9,7497.9,7520.7,7525.9,7542.9,7621.8,7641.5,7653.2,7680.0,7697.0,7728.0,7741.9,7777.1,7799.0,7797.1,7835.4,7862.8,7899.3,7911.4,7922.1,7935.9,7946.1,7968.3,7998.7,8024.6,8034.5,8056.4,8116.3,8168.4,8180.6,8190.1,8190.5,8187.3,8202.7,8207.9,8249.3,8256.0,8316.9,8345.9,8394.0,8389.8,8390.1,8400.2,8438.5,8463.0,8491.0,8506.0,8536.0,8572.2,8603.1,8622.2,8587.4,8646.7,8709.3,8750.6,8790.4,8839.6,8878.0,8934.7,8955.3,9005.3,9030.4,9073.7,9079.1,9089.4,9151.2,9187.6,9231.5,9253.5,9296.0,9327.8,9339.8,9346.5,9374.8,9419.4,9441.3,9525.6,9520.2,9554.8,9582.1,9625.3,9639.1,9660.2,9705.7,9724.9,9753.5,9800.4,9854.3,9871.8,9883.9,9910.4,9908.2,9955.2,9978.7,10001.0,10066.8,10102.7,10173.2,10234.4,10260.0,10313.0,10323.7,10347.1,10416.8,10427.7,10473.5,10497.5,10483.4,10508.2,10578.6,10510.4,10582.8,10631.6,10720.7,10746.4,10818.8,10874.9,10933.2,10993.2,11042.4,11077.3,11142.0,11185.9

Legend/Footnotes
"1. Net expenses of NPISHs, defined as their gross operating expenses less primary sales to households."
"2. Gross output is net of unrelated sales, secondary sales, and sales to business, to government, and to the rest of the world; excludes own-account investment (construction and software)."
"3. Excludes unrelated sales, secondary sales, and sales to business, to government, and to the rest of the world; includes membership dues and fees."
"4. Food consists of food and beverages purchased for off-premises consumption; food services, which include purchased meals and beverages, are not classified as food."
5. Consists of gasoline and other energy goods and of electricity and gas services.
"6. Market-based PCE is a supplemental measure that is based on household expenditures for which there are observable price measures.It excludes most imputed transactions (for example, financial services furnished without payment) and the final consumption expenditures of nonprofit institutions serving households."
